Date,^IRX
2015-01-05,-0.0001199999963864684
2015-01-06,0.0001699999952688813
2015-01-07,0.0
2015-01-08,-2.000000327825546e-05
2015-01-09,-2.9999995604157448e-05
2015-01-12,-1.9999993965029705e-05
2015-01-13,9.999999776482581e-05
2015-01-14,2.0000003278255486e-05
2015-01-15,-2.0000003278255486e-05
2015-01-16,-5.000000819563866e-05
2015-01-19,0.0
2015-01-20,-9.999998845160006e-05
2015-01-21,0.00011999999172985552
2015-01-22,-4.999999888241291e-05
2015-01-23,-1.9999993965029705e-05
2015-01-26,-8.000000379979611e-05
2015-01-27,0.00012999999336898326
2015-01-28,-2.9999995604157448e-05
2015-01-29,-4.999999888241291e-05
2015-01-30,-4.999999888241291e-05
2015-02-02,0.0
2015-02-03,9.999999776482581e-05
2015-02-04,-9.999999776482581e-05
2015-02-05,3.0000004917383203e-05
2015-02-06,6.999999284744261e-05
2015-02-09,-0.0001199999963864684
2015-02-10,1.9999998621642585e-05
2015-02-11,0.0
2015-02-12,3.0000004917383203e-05
2015-02-13,-3.0000004917383203e-05
2015-02-16,0.0
2015-02-17,3.0000004917383203e-05
2015-02-18,4.999999888241291e-05
2015-02-19,0.0
2015-02-20,-3.0000004917383203e-05
2015-02-23,4.999999888241291e-05
2015-02-24,2.9999995604157448e-05
2015-02-25,-2.9999995604157448e-05
2015-02-26,-1.9999993965029705e-05
2015-02-27,-4.999999888241291e-05
2015-03-02,-3.0000004917383203e-05
2015-03-03,8.000000379979611e-05
2015-03-04,-3.0000004917383203e-05
2015-03-05,-6.999999750405549e-05
2015-03-06,1.9999998621642585e-05
2015-03-09,0.0
2015-03-10,4.999999888241291e-05
2015-03-11,3.0000004917383203e-05
2015-03-12,4.999998956918715e-05
2015-03-13,5.000000819563866e-05
2015-03-16,6.999999284744261e-05
2015-03-17,0.0001800000108778477
2015-03-18,-0.00010000001639127732
2015-03-19,-0.000279999990016222
2015-03-20,-6.999999750405549e-05
2015-03-23,0.0
2015-03-24,0.0001199999963864684
2015-03-25,2.9999995604157448e-05
2015-03-26,0.0001000000163912773
2015-03-27,1.9999984651803977e-05
2015-03-30,-6.999999284744261e-05
2015-03-31,2.0000003278255486e-05
2015-04-01,7.999999448657033e-05
2015-04-02,-0.00023000000044703483
2015-04-03,0.0
2015-04-06,-6.999999750405549e-05
2015-04-07,0.0001199999963864684
2015-04-08,2.9999995604157448e-05
2015-04-09,2.000000327825546e-05
2015-04-10,-4.999999888241291e-05
2015-04-13,-9.999999776482581e-05
2015-04-14,4.999999888241291e-05
2015-04-15,4.999999888241291e-05
2015-04-16,-4.999999888241291e-05
2015-04-17,3.0000004917383203e-05
2015-04-20,0.0
2015-04-21,6.999999284744261e-05
2015-04-22,0.0
2015-04-23,0.0
2015-04-24,-4.999999888241291e-05
2015-04-27,-1.9999993965029705e-05
2015-04-28,0.0
2015-04-29,-0.00010000000242143869
2015-04-30,1.9999998621642585e-05
2015-05-01,-1.9999998621642585e-05
2015-05-04,0.0
2015-05-05,5.0000003539025785e-05
2015-05-06,1.9999993965029705e-05
2015-05-07,-4.999999888241291e-05
2015-05-08,-1.9999998621642585e-05
2015-05-11,1.9999998621642585e-05
2015-05-12,8.000000379979611e-05
2015-05-13,-3.0000004917383203e-05
2015-05-14,0.0
2015-05-15,0.0
2015-05-18,-1.9999993965029705e-05
2015-05-19,1.9999993965029705e-05
2015-05-20,3.0000004917383203e-05
2015-05-21,0.0
2015-05-22,-3.0000004917383203e-05
2015-05-25,0.0
2015-05-26,0.0
2015-05-27,3.0000004917383203e-05
2015-05-28,-0.00010000000242143869
2015-05-29,0.0
2015-06-01,5.0000003539025785e-05
2015-06-02,1.9999993965029705e-05
2015-06-03,0.0
2015-06-04,-4.999999888241291e-05
2015-06-05,4.999999888241291e-05
2015-06-08,0.0
2015-06-09,3.0000004917383203e-05
2015-06-10,0.0
2015-06-11,-4.999999888241291e-05
2015-06-12,-3.0000004917383203e-05
2015-06-15,-1.9999998621642585e-05
2015-06-16,5.0000003539025785e-05
2015-06-17,-5.0000003539025785e-05
2015-06-18,0.0
2015-06-19,0.0
2015-06-22,0.0
2015-06-23,5.0000003539025785e-05
2015-06-24,-3.0000004917383203e-05
2015-06-25,0.0
2015-06-26,0.0
2015-06-29,0.0
2015-06-30,4.999999888241291e-05
2015-07-01,-6.999999750405549e-05
2015-07-02,0.0
2015-07-03,0.0
2015-07-06,1.9999998621642585e-05
2015-07-07,4.999999888241291e-05
2015-07-08,0.0
2015-07-09,-1.9999993965029705e-05
2015-07-10,0.0
2015-07-13,0.0
2015-07-14,1.9999993965029705e-05
2015-07-15,3.0000004917383203e-05
2015-07-16,-3.0000004917383203e-05
2015-07-17,3.0000004917383203e-05
2015-07-20,9.999999776482581e-05
2015-07-21,6.999999284744261e-05
2015-07-22,0.0
2015-07-23,0.0
2015-07-24,0.0
2015-07-27,-1.9999984651803977e-05
2015-07-28,0.0001500000059604645
2015-07-29,2.0000003278255486e-05
2015-07-30,0.00014999996870756143
2015-07-31,-2.0000003278255432e-05
2015-08-03,5.0000026822090145e-05
2015-08-04,0.00012000001966953281
2015-08-05,0.0
2015-08-06,-0.00047000002115964894
2015-08-07,0.0002699999883770943
2015-08-10,9.999997913837436e-05
2015-08-11,0.0003299999982118606
2015-08-12,-7.99999386072158e-05
2015-08-13,-7.00000673532486e-05
2015-08-14,-2.99999862909318e-05
2015-08-17,-0.00019999999552965163
2015-08-18,0.0002500000223517419
2015-08-19,-0.0004500000178813935
2015-08-20,-0.0002499999944120645
2015-08-21,4.999999888241291e-05
2015-08-24,-4.999999888241291e-05
2015-08-25,0.0003799999970942736
2015-08-26,2.0000003278255432e-05
2015-08-27,-4.9999989569187125e-05
2015-08-28,0.0
2015-08-31,-0.0004700000071898103
2015-09-01,0.0003499999875202775
2015-09-02,-0.0001299999840557575
2015-09-03,-0.0001000000070780516
2015-09-04,0.0001000000070780516
2015-09-07,0.0
2015-09-08,0.0
2015-09-09,9.999999776482581e-05
2015-09-10,-0.0002000000048428774
2015-09-11,8.000000379979611e-05
2015-09-14,2.0000003278255486e-05
2015-09-15,0.00032999997958540914
2015-09-16,-4.9999989569187125e-05
2015-09-17,-0.000499999993480742
2015-09-18,6.999999750405549e-05
2015-09-21,3.0000004917383203e-05
2015-09-22,-0.00010000000242143869
2015-09-23,0.0
2015-09-24,1.9999998621642585e-05
2015-09-25,0.00014999999664723872
2015-09-28,-6.999999284744261e-05
2015-09-29,-0.00010000000242143869
2015-09-30,1.9999998621642585e-05
2015-10-01,0.00012999999336898326
2015-10-02,-9.999998845160006e-05
2015-10-05,0.0
2015-10-06,-3.0000004917383203e-05
2015-10-07,0.0
2015-10-08,-1.9999998621642585e-05
2015-10-09,0.0
2015-10-12,6.999999750405549e-05
2015-10-13,-4.999999888241291e-05
2015-10-14,4.999999888241291e-05
2015-10-15,-4.999999888241291e-05
2015-10-16,0.0
2015-10-19,0.0
2015-10-20,4.999999888241291e-05
2015-10-21,-4.999999888241291e-05
2015-10-22,0.0
2015-10-23,-1.9999998621642585e-05
2015-10-26,5.0000003539025785e-05
2015-10-27,1.9999993965029705e-05
2015-10-28,0.0002500000037252903
2015-10-29,0.0001799999922513962
2015-10-30,0.00015000004321336741
2015-11-02,-0.00015000004321336741
2015-11-03,4.9999989569187125e-05
2015-11-04,-2.9999986290931693e-05
2015-11-05,-0.0001500000059604645
2015-11-06,0.0003299999982118607
2015-11-09,2.000004053115845e-05
2015-11-10,0.0004999999701976776
2015-11-11,-1.999996602535252e-05
2015-11-12,0.0
2015-11-13,-0.00010000005364418029
2015-11-16,-0.0001500000059604645
2015-11-17,0.0003700000792741776
2015-11-18,-0.00012000001966953281
2015-11-19,-0.00035000003874301904
2015-11-20,5.0000026822090145e-05
2015-11-23,0.00011999994516372666
2015-11-24,0.0004800000041723252
2015-11-25,0.00021999999880790706
2015-11-26,0.0
2015-11-27,-0.0001500000059604645
2015-11-30,0.0001000000536441805
2015-12-01,0.00032999992370605444
2015-12-02,-2.9999911785125438e-05
2015-12-03,-2.0000040531158777e-05
2015-12-04,6.999999284744299e-05
2015-12-07,0.0003000000119209286
2015-12-08,0.00033000007271766696
2015-12-09,-0.00023000001907348645
2015-12-10,-0.0001500000059604643
2015-12-11,-0.00017000004649162306
2015-12-14,-0.00015000000596046472
2015-12-15,0.0005200000107288363
2015-12-16,-0.00015000000596046472
2015-12-17,-0.00021999999880790684
2015-12-18,-0.00038000002503395095
2015-12-21,-0.00021999999880790706
2015-12-22,0.0004000000655651093
2015-12-23,-3.000006079673773e-05
2015-12-24,-6.999999284744256e-05
2015-12-25,0.0
2015-12-28,6.999999284744256e-05
2015-12-29,0.0002500000596046448
2015-12-30,-0.00020000010728836058
2015-12-31,-0.00046999990940094
2016-01-01,0.0
2016-01-04,6.999999284744277e-05
2016-01-05,0.0004999999701976777
2016-01-06,0.0
2016-01-07,-0.00015000000596046472
2016-01-08,0.0
2016-01-11,-0.0001500000059604645
2016-01-12,0.000349999964237213
2016-01-13,5.000010132789629e-05
2016-01-14,0.0002499999105930327
2016-01-15,-0.00016999989748001099
2016-01-18,0.0
2016-01-19,6.999999284744299e-05
2016-01-20,0.00022999987006187437
2016-01-21,0.00020000010728836058
2016-01-22,0.0001499998569488522
2016-01-25,-0.00012999981641769387
2016-01-26,0.0002500000596046448
2016-01-27,0.0
2016-01-28,0.00017999976873397808
2016-01-29,-0.00017999976873397808
2016-02-01,-5.0000250339507935e-05
2016-02-02,0.00035000026226043694
2016-02-03,2.9999911785125438e-05
2016-02-04,-0.0005000001192092896
2016-02-05,-4.999995231628378e-05
2016-02-08,-0.00018000006675720224
2016-02-09,0.00040000021457672116
2016-02-10,-2.0000040531158343e-05
2016-02-11,-0.0002500000596046448
2016-02-12,-2.999991178512587e-05
2016-02-15,0.0
2016-02-16,2.999991178512587e-05
2016-02-17,0.00020000010728836058
2016-02-18,-5.000025033950837e-05
2016-02-19,-4.9999952316284214e-05
2016-02-22,0.00010000020265579258
2016-02-23,0.00024999976158142064
2016-02-24,-2.9999911785125438e-05
2016-02-25,-4.9999952316284214e-05
2016-02-26,-6.999999284744299e-05
2016-02-29,4.9999952316284214e-05
2016-03-01,0.00011999994516372677
2016-03-02,-0.00016999989748001099
2016-03-03,-0.000399999916553497
2016-03-04,1.9999742507934622e-05
2016-03-07,0.0
2016-03-08,0.00040000021457672116
2016-03-09,-0.00017000019550323514
2016-03-10,0.00015000015497207636
2016-03-11,4.9999952316284214e-05
2016-03-14,0.0
2016-03-15,0.00016999989748001099
2016-03-16,-0.00024999976158142064
2016-03-17,-0.0002500000596046448
2016-03-18,4.9999952316284214e-05
2016-03-21,7.999986410140965e-05
2016-03-22,6.999999284744299e-05
2016-03-23,-1.9999742507934622e-05
2016-03-24,-0.00018000006675720224
2016-03-25,0.0
2016-03-28,-0.00020000010728836058
2016-03-29,-0.000300000011920929
2016-03-30,-0.00039999991655349744
2016-03-31,8.000001311302195e-05
2016-04-01,0.00024999991059303293
2016-04-04,-0.0003499999642372132
2016-04-05,0.0003499999642372132
2016-04-06,2.0000040531158343e-05
2016-04-07,0.0
2016-04-08,-2.0000040531158343e-05
2016-04-11,-8.000001311302216e-05
2016-04-12,0.000200000107288361
2016-04-13,-6.999999284744299e-05
2016-04-14,-8.000001311302173e-05
2016-04-15,-5.000010132789629e-05
2016-04-18,-0.00011999994516372677
2016-04-19,0.00017000004649162306
2016-04-20,2.999991178512587e-05
2016-04-21,6.999999284744256e-05
2016-04-22,0.0
2016-04-25,0.00013000011444091802
2016-04-26,6.999999284744256e-05
2016-04-27,0.0
2016-04-28,-0.0003500001132488253
2016-04-29,-0.00016999989748001077
2016-05-02,-8.000001311302195e-05
2016-05-03,0.00017999991774559016
2016-05-04,-4.9999952316284214e-05
2016-05-05,-0.0001500000059604643
2016-05-06,-2.9999911785125654e-05
2016-05-09,0.00022999987006187416
2016-05-10,0.0004000000655651095
2016-05-11,4.9999952316284214e-05
2016-05-12,9.9999904632568e-05
2016-05-13,0.0
2016-05-16,0.0
2016-05-17,0.00010000020265579258
2016-05-18,2.0000040531158343e-05
2016-05-19,0.00019999980926513686
2016-05-20,8.00001621246338e-05
2016-05-23,0.0001499998569488522
2016-05-24,0.000300000011920929
2016-05-25,-0.00027999997138977023
2016-05-26,-0.00039999991655349744
2016-05-27,0.00023000001907348645
2016-05-30,0.0
2016-05-31,-0.0001500001549720768
2016-06-01,0.0001199999451637272
2016-06-02,-0.00024999976158142107
2016-06-03,0.0
2016-06-06,-0.00020000010728836058
2016-06-07,0.00014999985694885264
2016-06-08,-0.00029999986290931736
2016-06-09,4.9999952316284214e-05
2016-06-10,0.0
2016-06-13,5.000010132789629e-05
2016-06-14,0.00018000006675720224
2016-06-15,-8.00001621246338e-05
2016-06-16,-9.999990463256843e-05
2016-06-17,2.999991178512587e-05
2016-06-20,0.0
2016-06-21,0.00016999989748001099
2016-06-22,3.0000209808349592e-05
2016-06-23,6.999999284744256e-05
2016-06-24,-0.00037000000476837156
2016-06-27,-3.000006079673795e-05
2016-06-28,0.00024999991059303315
2016-06-29,-4.9999952316284214e-05
2016-06-30,-6.999999284744256e-05
2016-07-01,-4.9999952316284214e-05
2016-07-04,0.0
2016-07-05,-4.9999952316284214e-05
2016-07-06,0.0002500000596046448
2016-07-07,6.999999284744256e-05
2016-07-08,2.999991178512587e-05
2016-07-11,2.0000040531158343e-05
2016-07-12,0.00019999980926513686
2016-07-13,3.0000209808349592e-05
2016-07-14,4.999995231628378e-05
2016-07-15,-4.999995231628378e-05
2016-07-18,-0.00010000020265579258
2016-07-19,0.00022000014781951936
2016-07-20,4.9999952316284214e-05
2016-07-21,-0.0001199999451637272
2016-07-22,0.0
2016-07-25,-4.999995231628378e-05
2016-07-26,9.9999904632568e-05
2016-07-27,-0.0002500000596046448
2016-07-28,-0.0006299999356269835
2016-07-29,0.0001999999582767485
2016-08-01,-1.9999891519546266e-05
2016-08-02,0.0004199999570846558
2016-08-03,-0.00011999994516372677
2016-08-04,-0.00020000010728836058
2016-08-05,2.0000040531158343e-05
2016-08-08,0.0
2016-08-09,0.00043000012636184703
2016-08-10,-0.00020000010728836058
2016-08-11,2.0000040531158343e-05
2016-08-12,-0.00011999994516372677
2016-08-15,0.00011999994516372677
2016-08-16,0.00012999981641769387
2016-08-17,0.0
2016-08-18,-2.9999911785125438e-05
2016-08-19,8.00001621246338e-05
2016-08-22,-0.00013000011444091802
2016-08-23,0.0002500000596046448
2016-08-24,0.0
2016-08-25,0.0
2016-08-26,0.0
2016-08-29,0.0
2016-08-30,0.00019999980926513642
2016-08-31,-4.9999952316284214e-05
2016-09-01,-4.999995231628378e-05
2016-09-02,-0.0001199999451637272
2016-09-05,0.0
2016-09-06,0.0
2016-09-07,0.00027000010013580357
2016-09-08,2.9999911785125438e-05
2016-09-09,0.0
2016-09-12,0.00016999989748001099
2016-09-13,-4.9999952316284214e-05
2016-09-14,-0.0003000000119209286
2016-09-15,-0.00037000000476837156
2016-09-16,-4.9999952316284214e-05
2016-09-19,-0.0003499999642372132
2016-09-20,0.0004999998211860654
2016-09-21,-0.0006499998271465302
2016-09-22,-0.0006300000846385955
2016-09-23,5.000010132789629e-05
2016-09-26,7.999986410140987e-05
2016-09-27,0.0008200000226497651
2016-09-28,8.00001621246338e-05
2016-09-29,-0.00028000012040138274
2016-09-30,0.00024999991059303315
2016-10-03,0.00027999997138977023
2016-10-04,0.00027000010013580357
2016-10-05,-2.0000040531158777e-05
2016-10-06,-2.9999911785125438e-05
2016-10-07,0.0
2016-10-10,-2.0000040531158777e-05
2016-10-11,0.00011999994516372677
2016-10-12,0.000200000107288361
2016-10-13,-0.0006499999761581422
2016-10-14,0.00014999985694885264
2016-10-17,4.9999952316284214e-05
2016-10-18,0.0003800001740455624
2016-10-19,-9.9999904632568e-05
2016-10-20,-3.0000209808350026e-05
2016-10-21,-4.999995231628378e-05
2016-10-24,-2.0000040531158777e-05
2016-10-25,0.00011999994516372677
2016-10-26,-0.00011999994516372677
2016-10-27,-0.00037999987602233866
2016-10-28,-2.0000040531158343e-05
2016-10-31,0.0002199998497962952
2016-11-01,0.0005000001192092892
2016-11-02,0.0
2016-11-03,0.00013000011444091802
2016-11-04,0.0
2016-11-07,0.00031999975442886363
2016-11-08,0.0003000000119209286
2016-11-09,-1.999974250793419e-05
2016-11-10,0.000399999916553497
2016-11-11,0.0
2016-11-14,0.00045000016689300537
2016-11-15,-0.00015000015497207593
2016-11-16,-0.00034999996423721366
2016-11-17,-0.0003300002217292786
2016-11-18,-1.999974250793419e-05
2016-11-21,1.999974250793419e-05
2016-11-22,0.0005500000715255738
2016-11-23,0.00010000020265579258
2016-11-24,0.0
2016-11-25,-5.000025033950837e-05
2016-11-28,-0.0003000000119209286
2016-11-29,0.0001800000667572018
2016-11-30,0.0
2016-12-01,-9.999990463256843e-05
2016-12-02,-2.9999911785125004e-05
2016-12-05,-2.000004053115921e-05
2016-12-06,0.0003200000524520878
2016-12-07,2.999991178512587e-05
2016-12-08,2.0000040531158343e-05
2016-12-09,0.0002999997138977053
2016-12-12,-0.00019999980926513686
2016-12-13,0.00023000001907348602
2016-12-14,0.0
2016-12-15,-0.0003499999642372128
2016-12-16,-2.999991178512587e-05
2016-12-19,-7.000029087066671e-05
2016-12-20,0.00035000026226043694
2016-12-21,-9.999990463256843e-05
2016-12-22,-0.00010000020265579172
2016-12-23,6.999999284744256e-05
2016-12-26,0.0
2016-12-27,-4.9999952316284214e-05
2016-12-28,0.0
2016-12-29,-0.0005500000715255738
2016-12-30,0.000399999916553497
2017-01-02,0.0
2017-01-03,-4.9999952316284214e-05
2017-01-04,0.00043000012636184703
2017-01-05,-9.999990463256843e-05
2017-01-06,-4.9999952316284214e-05
2017-01-09,-0.0001800000667572018
2017-01-10,0.0001800000667572018
2017-01-11,-5.00002503395075e-05
2017-01-12,5.00002503395075e-05
2017-01-13,9.999990463256843e-05
2017-01-16,0.0
2017-01-17,0.0
2017-01-18,1.9999742507935056e-05
2017-01-19,-0.00011999964714050348
2017-01-20,-0.00023000031709671017
2017-01-23,-6.999999284744256e-05
2017-01-24,0.000200000107288361
2017-01-25,-9.999990463256843e-05
2017-01-26,4.9999952316284214e-05
2017-01-27,9.999990463256843e-05
2017-01-30,-2.999991178512587e-05
2017-01-31,4.9999952316284214e-05
2017-02-01,0.0
2017-02-02,-0.00011999994516372677
2017-02-03,0.0
2017-02-06,0.00015000015497207593
2017-02-07,0.00021999955177307191
2017-02-08,0.0
2017-02-09,3.000020980834916e-05
2017-02-10,-4.9999952316284214e-05
2017-02-13,0.0
2017-02-14,0.00012000024318695093
2017-02-15,-0.00015000045299530008
2017-02-16,-0.00011999964714050348
2017-02-17,0.0
2017-02-20,0.0
2017-02-21,-3.000020980834916e-05
2017-02-22,4.9999952316284214e-05
2017-02-23,-0.00011999994516372677
2017-02-24,0.0
2017-02-27,-7.999986410141009e-05
2017-02-28,0.00032999992370605444
2017-03-01,0.0009200000762939458
2017-03-02,0.0002999997138977044
2017-03-03,0.00038000047206878697
2017-03-06,0.00021999955177307105
2017-03-07,0.00030000030994415273
2017-03-08,-0.0002700001001358027
2017-03-09,4.9999952316284214e-05
2017-03-10,0.00012000024318695093
2017-03-13,2.9999613761901717e-05
2017-03-14,0.0002500003576278685
2017-03-15,-0.00038000047206878697
2017-03-16,-6.99996948242184e-05
2017-03-17,0.0
2017-03-20,1.999974250793419e-05
2017-03-21,0.0004300004243850712
2017-03-22,-4.9999952316284214e-05
2017-03-23,0.0
2017-03-24,0.0
2017-03-27,9.999990463256843e-05
2017-03-28,0.00014999985694885264
2017-03-29,-0.00018000006675720267
2017-03-30,3.0000209808350026e-05
2017-03-31,-0.0002000004053115843
2017-04-03,2.000033855438163e-05
2017-04-04,0.0003999996185302737
2017-04-05,0.0
2017-04-06,8.000016212463337e-05
2017-04-07,9.999990463256843e-05
2017-04-10,-9.999990463256843e-05
2017-04-11,0.0001200002431869518
2017-04-12,-7.000029087066671e-05
2017-04-13,-2.9999613761901717e-05
2017-04-14,0.0
2017-04-17,0.0
2017-04-18,0.00014999985694885178
2017-04-19,-0.00019999980926513686
2017-04-20,-0.00015000045299530008
2017-04-21,-6.99996948242184e-05
2017-04-24,6.99996948242184e-05
2017-04-25,0.00038000047206878697
2017-04-26,-5.0000548362731656e-05
2017-04-27,-0.00017999947071075523
2017-04-28,-5.0000548362731656e-05
2017-05-01,5.0000548362731656e-05
2017-05-02,0.0005799996852874755
2017-05-03,4.999995231628508e-05
2017-05-04,7.000029087066671e-05
2017-05-05,0.00012999951839447015
2017-05-08,2.000033855438163e-05
2017-05-09,0.00019999980926513686
2017-05-10,-0.00014999985694885178
2017-05-11,-0.0001499998569488535
2017-05-12,-4.999995231628335e-05
2017-05-15,7.999956607818506e-05
2017-05-16,0.00027000010013580357
2017-05-17,-0.00014999985694885178
2017-05-18,0.0001800000667572018
2017-05-19,-4.999995231628508e-05
2017-05-22,-9.999990463256843e-05
2017-05-23,0.00034999966621399037
2017-05-24,-8.000016212463511e-05
2017-05-25,3.0000209808350026e-05
2017-05-26,2.0000338554383365e-05
2017-05-29,0.0
2017-05-30,0.0
2017-05-31,0.000399999618530272
2017-06-01,-1.999974250793332e-05
2017-06-02,4.999995231628335e-05
2017-06-05,-4.999995231628335e-05
2017-06-06,9.999990463256843e-05
2017-06-07,0.00014999985694885178
2017-06-08,0.0
2017-06-09,7.000029087066671e-05
2017-06-12,-7.000029087066671e-05
2017-06-13,9.999990463256843e-05
2017-06-14,0.0
2017-06-15,9.999990463256843e-05
2017-06-16,-7.99995660781868e-05
2017-06-19,0.0
2017-06-20,7.99995660781868e-05
2017-06-21,-0.0002499997615814202
2017-06-22,-0.00034999966621399037
2017-06-23,0.0
2017-06-26,0.0
2017-06-27,0.0005699998140335089
2017-06-28,-4.999995231628508e-05
2017-06-29,0.00018000006675720354
2017-06-30,-0.00010000050067901674
2017-07-03,7.000029087066671e-05
2017-07-04,0.0
2017-07-05,0.00019999980926513686
2017-07-06,-0.00011999964714050348
2017-07-07,0.0
2017-07-10,4.999995231628508e-05
2017-07-11,0.00019999980926513686
2017-07-12,-9.999990463256843e-05
2017-07-13,-9.999990463256843e-05
2017-07-14,-4.999995231628508e-05
2017-07-17,0.00011999964714050348
2017-07-18,0.00019999980926513686
2017-07-19,0.00045000076293945195
2017-07-20,0.00027999997138977196
2017-07-21,0.0002499997615814202
2017-07-24,0.00011999964714050348
2017-07-25,-6.999969482422014e-05
2017-07-26,-0.0004799997806549071
2017-07-27,-0.00017000079154968172
2017-07-28,-0.00024999976158142194
2017-07-31,0.0
2017-08-01,4.999995231628508e-05
2017-08-02,-8.000016212463337e-05
2017-08-03,8.000016212463337e-05
2017-08-04,-4.999995231628508e-05
2017-08-07,-0.00019999980926513512
2017-08-08,-3.0000209808350026e-05
2017-08-09,-4.999995231628508e-05
2017-08-10,-6.99996948242184e-05
2017-08-11,-4.999995231628335e-05
2017-08-14,-9.999990463256843e-05
2017-08-15,4.999995231628335e-05
2017-08-16,-0.00023000001907348688
2017-08-17,-7.000029087066498e-05
2017-08-18,9.999990463256843e-05
2017-08-21,-0.00023000001907348688
2017-08-22,0.00030000030994415186
2017-08-23,-0.00014999985694885178
2017-08-24,0.0001800000667572018
2017-08-25,-3.0000209808350026e-05
2017-08-28,9.999990463256843e-05
2017-08-29,4.999995231628508e-05
2017-08-30,-0.00011999964714050348
2017-08-31,-0.00020000040531158343
2017-09-01,7.000029087066498e-05
2017-09-04,0.0
2017-09-05,-2.000033855438163e-05
2017-09-06,0.0005500000715255738
2017-09-07,-0.00014999985694885178
2017-09-08,-3.0000209808350026e-05
2017-09-11,0.0
2017-09-12,-1.9999742507935056e-05
2017-09-13,0.0
2017-09-14,9.999990463256843e-05
2017-09-15,-0.0001800000667572018
2017-09-18,-9.999990463256843e-05
2017-09-19,0.0001800000667572018
2017-09-20,1.9999742507935056e-05
2017-09-21,-0.00011999964714050348
2017-09-22,-4.999995231628335e-05
2017-09-25,-4.999995231628508e-05
2017-09-26,0.00044999957084655706
2017-09-27,-4.999995231628335e-05
2017-09-28,-8.000016212463337e-05
2017-09-29,-1.9999742507935056e-05
2017-10-02,-0.00014999985694885178
2017-10-03,0.00021999955177307018
2017-10-04,8.000016212463337e-05
2017-10-05,0.0
2017-10-06,0.0
2017-10-09,1.9999742507935056e-05
2017-10-10,9.999990463256843e-05
2017-10-11,0.00013000011444091845
2017-10-12,-0.0001499998569488535
2017-10-13,-3.000020980834829e-05
2017-10-16,4.999995231628335e-05
2017-10-17,0.0001800000667572018
2017-10-18,-4.999995231628335e-05
2017-10-19,-2.9999017715455142e-05
2017-10-20,9.999990463256843e-05
2017-10-23,-4.999995231628335e-05
2017-10-24,0.00027999997138977023
2017-10-25,-0.0001500010490417484
2017-10-26,-2.9999017715453408e-05
2017-10-27,-7.000088691711502e-05
2017-10-30,2.000093460082994e-05
2017-10-31,0.0004799997806549088
2017-11-01,0.00014999985694885178
2017-11-02,0.0
2017-11-03,9.999990463256843e-05
2017-11-06,9.999990463256843e-05
2017-11-07,0.0002999997138977053
2017-11-08,7.000088691711329e-05
2017-11-09,7.999897003173849e-05
2017-11-10,-2.9999017715453408e-05
2017-11-13,-0.0001500010490417484
2017-11-14,0.0005500006675720221
2017-11-15,-9.999990463256843e-05
2017-11-16,0.0
2017-11-17,9.999990463256843e-05
2017-11-20,0.0
2017-11-21,0.00037999987602233866
2017-11-22,-0.00013000011444091845
2017-11-23,0.0
2017-11-24,-0.0002499997615814202
2017-11-27,-0.00016999959945678857
2017-11-28,0.00041999936103820877
2017-11-29,-6.99996948242184e-05
2017-11-30,-0.00019999980926513686
2017-12-01,-3.0000209808350026e-05
2017-12-04,9.999990463256843e-05
2017-12-05,0.00037999987602233866
2017-12-06,-0.00019999980926513686
2017-12-07,-3.000020980834829e-05
2017-12-08,-6.999969482422014e-05
2017-12-11,9.999990463256843e-05
2017-12-12,0.0004699993133544921
2017-12-13,-0.0003699994087219237
2017-12-14,9.999990463256843e-05
2017-12-15,1.9999742507935056e-05
2017-12-18,0.00030000090599060017
2017-12-19,0.00037999987602233866
2017-12-20,-3.000020980834829e-05
2017-12-21,-0.0002999997138977053
2017-12-22,-0.0002200007438659668
2017-12-25,0.0
2017-12-26,4.999995231628335e-05
2017-12-27,0.0010500001907348643
2017-12-28,-0.0003799998760223404
2017-12-29,-0.00014999985694885178
2018-01-01,0.0
2018-01-02,0.00023000001907348688
2018-01-03,-8.000016212463511e-05
2018-01-04,0.0
2018-01-05,0.0
2018-01-08,9.999990463256843e-05
2018-01-09,0.00034999966621399037
2018-01-10,-0.00019999980926513686
2018-01-11,8.000016212463337e-05
2018-01-12,6.99996948242184e-05
2018-01-15,0.0
2018-01-16,-0.00014999985694885178
2018-01-17,0.00019999980926513686
2018-01-18,-9.999990463256843e-05
2018-01-19,-1.9999742507935056e-05
2018-01-22,-0.00013000011444091845
2018-01-23,0.00023000001907348688
2018-01-24,-3.0000209808350026e-05
2018-01-25,-0.00016999959945678683
2018-01-26,-4.999995231628335e-05
2018-01-29,-0.00013000011444091845
2018-01-30,0.0004999995231628421
2018-01-31,4.999995231628335e-05
2018-02-01,0.00023000001907348688
2018-02-02,-2.9999017715453408e-05
2018-02-05,7.999897003173675e-05
2018-02-06,0.0003000009059906019
2018-02-07,0.00026999950408935526
2018-02-08,0.0
2018-02-09,9.999990463256843e-05
2018-02-12,9.999990463256843e-05
2018-02-13,0.0003500008583068835
2018-02-14,-0.00020000100135803174
2018-02-15,9.999990463256843e-05
2018-02-16,0.00010000109672546331
2018-02-19,0.0
2018-02-20,2.9999017715453408e-05
2018-02-21,0.000350000858306887
2018-02-22,-3.0000209808350026e-05
2018-02-23,0.0
2018-02-26,3.0000209808350026e-05
2018-02-27,0.0002699995040893535
2018-02-28,-0.00016999959945678683
2018-03-01,-0.00027999997138977023
2018-03-02,0.0001499998569488535
2018-03-05,0.00019999980926513686
2018-03-06,0.00018000006675720007
2018-03-07,6.999969482422014e-05
2018-03-08,-0.0001499998569488535
2018-03-09,0.0
2018-03-12,8.000016212463337e-05
2018-03-13,0.00047000050544739047
2018-03-14,0.00027999997138977023
2018-03-15,0.00014999985694885004
2018-03-16,4.9999952316286816e-05
2018-03-19,-9.999990463257016e-05
2018-03-20,0.000299999713897707
2018-03-21,-0.0004799997806549071
2018-03-22,-0.0002700006961822536
2018-03-23,4.9999952316286816e-05
2018-03-26,0.00017000079154967998
2018-03-27,0.00027999997138977023
2018-03-28,-0.0003799998760223369
2018-03-29,-0.0002500009536743168
2018-03-30,0.0
2018-04-02,0.00013000011444091672
2018-04-03,0.00030000090599060017
2018-04-04,-0.0004500007629394502
2018-04-05,6.999969482421667e-05
2018-04-06,4.999995231628335e-05
2018-04-09,-4.999995231628335e-05
2018-04-10,0.00020000100135803348
2018-04-11,-2.000093460082994e-05
2018-04-12,0.00012000083923339663
2018-04-13,0.0001300001144409202
2018-04-16,-4.9999952316286816e-05
2018-04-17,0.0004199993610382105
2018-04-18,0.00014999985694885004
2018-04-19,0.0001300001144409202
2018-04-20,-0.00018000006675720354
2018-04-23,0.00018000006675720354
2018-04-24,0.0003999996185302737
2018-04-25,-7.999897003174022e-05
2018-04-26,-0.00030000090599060017
2018-04-27,-0.0001499998569488535
2018-04-30,-6.999969482421667e-05
2018-05-01,0.0004699993133544904
2018-05-02,-0.0002499997615814202
2018-05-03,3.0000209808350026e-05
2018-05-04,4.999995231628335e-05
2018-05-07,0.0
2018-05-08,0.00042000055313110365
2018-05-09,9.999990463257016e-05
2018-05-10,0.0
2018-05-11,0.00014999985694885004
2018-05-14,-4.999995231628335e-05
2018-05-15,0.00019999980926513686
2018-05-16,-9.99999046325667e-05
2018-05-17,-1.999974250793679e-05
2018-05-18,-8.000016212463337e-05
2018-05-21,8.000016212463337e-05
2018-05-22,0.000299999713897707
2018-05-23,-0.00019999980926513686
2018-05-24,-0.0001300001144409202
2018-05-25,-6.999969482421667e-05
2018-05-28,0.0
2018-05-29,-0.00013000011444091672
2018-05-30,0.0003799998760223369
2018-05-31,-8.000016212463337e-05
2018-06-01,-1.999974250793332e-05
2018-06-04,-3.0000209808350026e-05
2018-06-05,0.0003799998760223369
2018-06-06,-3.0000209808350026e-05
2018-06-07,-0.00014999985694885004
2018-06-08,-4.9999952316286816e-05
2018-06-11,-0.00011999964714050002
2018-06-12,0.00019999980926513686
2018-06-13,6.999969482421667e-05
2018-06-14,-0.00011999964714050348
2018-06-15,4.9999952316286816e-05
2018-06-18,-4.9999952316286816e-05
2018-06-19,0.0001499998569488535
2018-06-20,-9.99999046325667e-05
2018-06-21,1.999974250793332e-05
2018-06-22,-0.00019999980926513686
2018-06-25,-0.00016999959945678683
2018-06-26,0.0003999996185302737
2018-06-27,-0.0001300001144409202
2018-06-28,0.0
2018-06-29,0.0
2018-07-02,0.0001499998569488535
2018-07-03,0.0003799998760223404
2018-07-04,0.0
2018-07-05,-0.00023000001907348688
2018-07-06,-4.999995231628335e-05
2018-07-09,9.99999046325667e-05
2018-07-10,0.00019999980926513686
2018-07-11,-0.0001499998569488535
2018-07-12,8.000016212463337e-05
2018-07-13,0.0
2018-07-16,9.999990463257016e-05
2018-07-17,0.0003700006008148203
2018-07-18,-0.0001499998569488535
2018-07-19,-0.0001200008392334001
2018-07-20,-0.00014999985694885004
2018-07-23,-0.0001300001144409202
2018-07-24,0.00040000081062317033
2018-07-25,-7.000088691711329e-05
2018-07-26,-7.999897003174022e-05
2018-07-27,0.0
2018-07-30,0.0
2018-07-31,0.0003999996185302737
2018-08-01,-6.999969482421667e-05
2018-08-02,-0.0001300001144409202
2018-08-03,-4.999995231628335e-05
2018-08-06,8.000016212463337e-05
2018-08-07,0.0003999984264373771
2018-08-08,0.0
2018-08-09,-2.999782562255679e-05
2018-08-10,-5.0001144409179965e-05
2018-08-13,-4.999995231628335e-05
2018-08-14,0.0003799998760223369
2018-08-15,-0.00013000011444091672
2018-08-16,-4.99987602233902e-05
2018-08-17,-0.00020000100135803
2018-08-20,-1.999974250793679e-05
2018-08-21,0.00042000055313110365
2018-08-22,0.0
2018-08-23,-2.000093460082994e-05
2018-08-24,0.00015000104904175013
2018-08-27,0.00011999845504760687
2018-08-28,0.00018000125885009668
2018-08-29,1.9998550415040173e-05
2018-08-30,-0.00021999835968017703
2018-08-31,-3.0000209808350026e-05
2018-09-03,0.0
2018-09-04,0.0001300001144409202
2018-09-05,0.00021999835968017356
2018-09-06,-9.99999046325667e-05
2018-09-07,8.000135421752999e-05
2018-09-10,-5.0001144409179965e-05
2018-09-11,0.00025000095367431335
2018-09-12,-3.0000209808346556e-05
2018-09-13,-0.0001200008392334001
2018-09-14,9.999990463257016e-05
2018-09-17,5.0001144409176496e-05
2018-09-18,0.0001699995994567903
2018-09-19,-5.0001144409179965e-05
2018-09-20,-1.9998550415040173e-05
2018-09-21,4.99987602233902e-05
2018-09-24,0.0
2018-09-25,0.0004500007629394502
2018-09-26,-7.999897003173675e-05
2018-09-27,-0.00019999980926513686
2018-09-28,9.99999046325667e-05
2018-10-01,4.99987602233902e-05
2018-10-02,0.00019999980926513686
2018-10-03,-4.99987602233902e-05
2018-10-04,0.0
2018-10-05,-5.0001144409179965e-05
2018-10-08,0.0
2018-10-09,0.00019999980926513686
2018-10-10,0.000350000858306887
2018-10-11,-5.0001144409179965e-05
2018-10-12,3.0000209808350026e-05
2018-10-15,0.00012000083923339663
2018-10-16,0.000299999713897707
2018-10-17,0.0
2018-10-18,-4.99987602233902e-05
2018-10-19,4.99987602233902e-05
2018-10-22,-2.000093460082994e-05
2018-10-23,0.0003200006484985335
2018-10-24,-4.999876022338673e-05
2018-10-25,-5.0001144409179965e-05
2018-10-26,-6.999969482422014e-05
2018-10-29,-0.00013000011444091672
2018-10-30,0.00023000001907348688
2018-10-31,-4.99987602233902e-05
2018-11-01,-8.000135421752999e-05
2018-11-02,3.0000209808350026e-05
2018-11-05,-5.0001144409179965e-05
2018-11-06,0.00042000055313110365
2018-11-07,0.0
2018-11-08,-6.999969482421667e-05
2018-11-09,-3.0000209808350026e-05
2018-11-12,0.0
2018-11-13,-4.99987602233902e-05
2018-11-14,0.000299999713897707
2018-11-15,-0.00015000104904175013
2018-11-16,-9.99999046325667e-05
2018-11-19,0.0
2018-11-20,0.0003500008583068835
2018-11-21,0.0001499986648559569
2018-11-22,0.0
2018-11-23,-1.9998550415040173e-05
2018-11-26,-5.0001144409179965e-05
2018-11-27,9.999990463257016e-05
2018-11-28,-0.00017999887466430692
2018-11-29,-0.0002500009536743168
2018-11-30,-1.9998550415040173e-05
2018-12-03,-0.00019999980926513686
2018-12-04,0.0007699990272521974
2018-12-05,0.0
2018-12-06,-0.00012000083923339663
2018-12-07,-0.00013000011444091672
2018-12-10,-9.999990463257016e-05
2018-12-11,0.0003999996185302737
2018-12-12,5.0001144409179965e-05
2018-12-13,-0.0001200008392334001
2018-12-14,5.0001144409179965e-05
2018-12-17,-0.0002800011634826634
2018-12-18,-0.00011999845504761034
2018-12-19,9.999990463257016e-05
2018-12-20,-3.0000209808350026e-05
2018-12-21,-5.0001144409179965e-05
2018-12-24,3.0000209808350026e-05
2018-12-25,0.0
2018-12-26,0.0004700016975402836
2018-12-27,-0.00032000064849853696
2018-12-28,-0.00019999980926513686
2018-12-31,-0.0002800011634826634
2019-01-01,0.0
2019-01-02,0.0006500005722045871
2019-01-03,-9.99999046325667e-05
2019-01-04,3.0000209808350026e-05
2019-01-07,-5.0001144409179965e-05
2019-01-08,0.0004700016975402836
2019-01-09,-9.999990463257016e-05
2019-01-10,-0.00015000104904174666
2019-01-11,-5.0001144409179965e-05
2019-01-14,-9.99999046325667e-05
2019-01-15,0.00023000001907348341
2019-01-16,-0.00019999980926513686
2019-01-17,-7.999897003173675e-05
2019-01-18,-6.999969482422014e-05
2019-01-21,0.0
2019-01-22,-3.0000209808350026e-05
2019-01-23,7.999897003174022e-05
2019-01-24,-0.00047999858856201047
2019-01-25,0.00023000001907348341
2019-01-28,4.99987602233902e-05
2019-01-29,0.0003200006484985335
2019-01-30,0.0
2019-01-31,-0.00025000095367431335
2019-02-01,0.0
2019-02-04,-4.99987602233902e-05
2019-02-05,0.00029999971389770355
2019-02-06,0.0
2019-02-07,-9.99999046325667e-05
2019-02-08,9.99999046325667e-05
2019-02-11,9.999990463257016e-05
2019-02-12,3.0000209808350026e-05
2019-02-13,-5.0001144409179965e-05
2019-02-14,0.0
2019-02-15,-3.0000209808350026e-05
2019-02-18,0.0
2019-02-19,3.0000209808350026e-05
2019-02-20,9.99999046325667e-05
2019-02-21,0.0001200008392334001
2019-02-22,-2.000093460082994e-05
2019-02-25,0.0
2019-02-26,7.00020790100099e-05
2019-02-27,-7.00020790100099e-05
2019-02-28,-9.999990463257016e-05
2019-03-01,-4.999876022338673e-05
2019-03-04,-3.0000209808350026e-05
2019-03-05,0.0002500009536743168
2019-03-06,4.999876022338673e-05
2019-03-07,-9.99999046325667e-05
2019-03-08,-2.000093460082994e-05
2019-03-11,-0.00012999773025512695
2019-03-12,0.0001499986648559569
2019-03-13,-6.999969482422014e-05
2019-03-14,0.0
2019-03-15,0.0
2019-03-18,-3.0000209808350026e-05
2019-03-19,0.00019999980926513686
2019-03-20,3.0000209808350026e-05
2019-03-21,0.0
2019-03-22,-9.99999046325667e-05
2019-03-25,-7.999897003174022e-05
2019-03-26,0.0001499986648559569
2019-03-27,-0.0002699995040893535
2019-03-28,-8.000135421752999e-05
2019-03-29,-0.0004199981689453139
2019-04-01,-5.0001144409179965e-05
2019-04-02,0.00046999931335449385
2019-04-03,3.0000209808350026e-05
2019-04-04,-3.0000209808350026e-05
2019-04-05,0.0
2019-04-08,-4.99987602233902e-05
2019-04-09,0.0
2019-04-10,-2.000093460082994e-05
2019-04-11,2.000093460082994e-05
2019-04-12,9.999990463257016e-05
2019-04-15,-0.00015000104904174666
2019-04-16,0.00018000125885009668
2019-04-17,2.000093460082994e-05
2019-04-18,-0.00015000104904175013
2019-04-19,0.0
2019-04-22,9.999990463257016e-05
2019-04-23,0.00015000104904174666
2019-04-24,-0.00015000104904174666
2019-04-25,-9.999990463257016e-05
2019-04-26,-5.0001144409176496e-05
2019-04-29,0.0
2019-04-30,8.000135421752652e-05
2019-05-01,-5.0001144409179965e-05
2019-05-02,9.999990463257016e-05
2019-05-03,-4.99987602233902e-05
2019-05-06,-5.0001144409179965e-05
2019-05-07,5.0001144409179965e-05
2019-05-08,1.9998550415040173e-05
2019-05-09,0.0
2019-05-10,0.0
2019-05-13,-0.00019999980926513686
2019-05-14,3.0000209808350026e-05
2019-05-15,-3.0000209808350026e-05
2019-05-16,-0.00011999845504760687
2019-05-17,-8.000135421752999e-05
2019-05-20,-9.99999046325667e-05
2019-05-21,9.99999046325667e-05
2019-05-22,-9.99999046325667e-05
2019-05-23,-0.00016999959945678683
2019-05-24,-0.00014999866485596036
2019-05-27,0.0
2019-05-28,9.999990463257016e-05
2019-05-29,0.0
2019-05-30,0.00011999845504760687
2019-05-31,-0.00016999959945678683
2019-06-03,-0.00013000011444091672
2019-06-04,0.00015000104904174666
2019-06-05,-9.99999046325667e-05
2019-06-06,-0.000299999713897707
2019-06-07,-0.0004000020027160635
2019-06-10,5.0001144409179965e-05
2019-06-11,-6.999969482422014e-05
2019-06-12,-0.0004800009727478037
2019-06-13,-0.0002499985694885236
2019-06-14,-0.00015000104904174666
2019-06-17,0.00013000011444091672
2019-06-18,0.00029999971389770355
2019-06-19,-0.00042999982833862027
2019-06-20,-0.00046999931335449385
2019-06-21,-0.00023000001907348688
2019-06-24,3.0000209808350026e-05
2019-06-25,0.00024999856948852706
2019-06-26,9.99999046325667e-05
2019-06-27,-7.999897003173675e-05
2019-06-28,-0.0004999995231628439
2019-07-01,0.000299999713897707
2019-07-02,0.000829999446868894
2019-07-03,2.000093460082994e-05
2019-07-04,0.0
2019-07-05,0.0001300001144409202
2019-07-08,0.0001499986648559569
2019-07-09,0.00016999959945678683
2019-07-10,-0.0006499981880188008
2019-07-11,-0.0003200006484985335
2019-07-12,-8.000135421752999e-05
2019-07-15,-4.999876022338673e-05
2019-07-16,0.00017999887466430692
2019-07-17,-0.000299999713897707
2019-07-18,-0.0005999994277954106
2019-07-19,0.0
2019-07-22,0.0001200008392334001
2019-07-23,7.999897003173675e-05
2019-07-24,6.999969482422014e-05
2019-07-25,0.00019999980926513686
2019-07-26,3.0000209808350026e-05
2019-07-29,-0.0001300001144409202
2019-07-30,-9.99999046325667e-05
2019-07-31,-9.999990463257016e-05
2019-08-01,0.0
2019-08-02,-0.00029999971389770355
2019-08-05,-0.000470000505447387
2019-08-06,0.00042000055313110365
2019-08-07,-0.000269999504089357
2019-08-08,1.999974250793332e-05
2019-08-09,-0.00019999980926513686
2019-08-12,-0.0002200007438659668
2019-08-13,0.0002700006961822536
2019-08-14,-0.000470000505447387
2019-08-15,-0.0006499993801116974
2019-08-16,-0.00020000100135803
2019-08-19,0.00030000090599060017
2019-08-20,0.0004699993133544904
2019-08-21,0.00027999997138977023
2019-08-22,9.999990463257016e-05
2019-08-23,-0.00027999997138977023
2019-08-26,0.00023000001907348688
2019-08-27,9.99999046325667e-05
2019-08-28,-2.9999017715453408e-05
2019-08-29,0.0
2019-08-30,-7.000088691711329e-05
2019-09-02,0.0
2019-09-03,-0.00023000001907348688
2019-09-04,-4.999995231628335e-05
2019-09-05,0.00014999985694885004
2019-09-06,-9.99999046325667e-05
2019-09-09,-1.999974250793332e-05
2019-09-10,4.999995231628335e-05
2019-09-11,0.0
2019-09-12,-0.00018000006675720354
2019-09-13,4.999995231628335e-05
2019-09-16,0.0004500007629394537
2019-09-17,-7.000088691711329e-05
2019-09-18,-0.0005799996852874773
2019-09-19,3.0000209808350026e-05
2019-09-20,-0.0003299999237060536
2019-09-23,-4.999995231628335e-05
2019-09-24,0.0003499996662139869
2019-09-25,-0.0003499996662139869
2019-09-26,-0.0007500004768371607
2019-09-27,-0.00039999961853027025
2019-09-30,0.00039999961853027025
2019-10-01,-0.00016999959945678683
2019-10-02,-0.00018000006675720007
2019-10-03,-0.0007000005245208739
2019-10-04,-9.999990463257016e-05
2019-10-07,0.00018000006675720354
2019-10-08,-0.00018000006675720354
2019-10-09,-0.0002699995040893535
2019-10-10,4.999995231628335e-05
2019-10-11,-9.999990463257016e-05
2019-10-14,-4.999995231628335e-05
2019-10-15,0.0
2019-10-16,-3.0000209808350026e-05
2019-10-17,9.999990463257016e-05
2019-10-18,0.0
2019-10-21,0.0
2019-10-22,-9.999990463257016e-05
2019-10-23,0.0
2019-10-24,8.000016212463337e-05
2019-10-25,1.999974250793679e-05
2019-10-28,-0.00019999980926513686
2019-10-29,-9.999990463257016e-05
2019-10-30,0.0
2019-10-31,-0.0009700000286102274
2019-11-01,-0.00013000011444091845
2019-11-04,0.0001800000667572018
2019-11-05,0.0001499998569488535
2019-11-06,-3.0000209808350026e-05
2019-11-07,3.0000209808350026e-05
2019-11-08,-8.000016212463511e-05
2019-11-11,3.0000209808350026e-05
2019-11-12,0.00019999980926513686
2019-11-13,1.9999742507935056e-05
2019-11-14,-6.999969482422014e-05
2019-11-15,0.0
2019-11-18,-4.999995231628335e-05
2019-11-19,1.9999742507935056e-05
2019-11-20,-4.999995231628508e-05
2019-11-21,9.999990463256843e-05
2019-11-22,0.00013000011444091845
2019-11-25,1.9999742507935056e-05
2019-11-26,0.00020000100135803174
2019-11-27,0.0
2019-11-28,0.0
2019-11-29,-0.0002500009536743168
2019-12-02,-1.9999742507935056e-05
2019-12-03,0.0
2019-12-04,-0.000399999618530272
2019-12-05,-4.999995231628508e-05
2019-12-06,-0.00013000011444091845
2019-12-09,0.00018000006675720354
2019-12-10,0.00016999959945678683
2019-12-11,4.999995231628335e-05
2019-12-12,9.999990463256843e-05
2019-12-13,-6.99996948242184e-05
2019-12-16,1.9999742507935056e-05
2019-12-17,4.999995231628335e-05
2019-12-18,-0.00011999964714050175
2019-12-19,0.00014999985694885178
2019-12-20,-4.999995231628508e-05
2019-12-23,-8.000016212463337e-05
2019-12-24,0.0001800000667572018
2019-12-25,0.0
2019-12-26,-3.000020980834829e-05
2019-12-27,-0.00016999959945678683
2019-12-30,-0.00027999997138977196
2019-12-31,0.0001499998569488535
2020-01-01,0.0
2020-01-02,-9.999990463256843e-05
2020-01-03,-0.00021999955177307191
2020-01-06,0.0001499998569488535
2020-01-07,0.00011999964714050175
2020-01-08,-6.99996948242184e-05
2020-01-09,6.99996948242184e-05
2020-01-10,-1.999974250793332e-05
2020-01-13,0.00011999964714050175
2020-01-14,0.00019999980926513686
2020-01-15,-0.00021999955177307018
2020-01-16,9.999990463256843e-05
2020-01-17,4.999995231628335e-05
2020-01-20,0.0
2020-01-21,-0.00019999980926513686
2020-01-22,9.999990463256843e-05
2020-01-23,1.9999742507935056e-05
2020-01-24,-0.00024999976158142194
2020-01-27,0.0001499998569488535
2020-01-28,0.0002499997615814202
2020-01-29,-9.999990463256843e-05
2020-01-30,8.000016212463337e-05
2020-01-31,-0.0001800000667572018
2020-02-03,8.000016212463511e-05
2020-02-04,0.00019999980926513512
2020-02-05,-0.0001800000667572018
2020-02-06,9.999990463256843e-05
2020-02-07,-0.00011999964714050175
2020-02-10,1.999974250793332e-05
2020-02-11,0.0001800000667572018
2020-02-12,-3.000020980834829e-05
2020-02-13,9.999990463256843e-05
2020-02-14,-9.999990463256843e-05
2020-02-17,0.0
2020-02-18,0.0
2020-02-19,8.000016212463337e-05
2020-02-20,-4.999995231628508e-05
2020-02-21,-0.00019999980926513512
2020-02-24,-0.0001499998569488535
2020-02-25,-0.00013000011444091845
2020-02-26,-0.00011999964714050175
2020-02-27,-0.0008300006389617923
2020-02-28,-0.001649999618530273
2020-03-02,-0.0009500002861022958
2020-03-03,-0.002170000076293945
2020-03-04,-0.002429999709129333
2020-03-05,-0.0007999998331069949
2020-03-06,-0.0018000003695487973
2020-03-09,-0.0008499997854232791
2020-03-10,0.0005999997258186339
2020-03-11,-0.0002199998497962952
2020-03-12,-0.0009499999880790708
2020-03-13,-0.000300000011920929
2020-03-16,-0.0005799999833106997
2020-03-17,-0.0001999999582767485
2020-03-18,-0.001620000065304339
2020-03-19,-0.0003100000089034438
2020-03-20,-4.999998956918718e-05
2020-03-23,-6.999999284744261e-05
2020-03-24,6.999999284744261e-05
2020-03-25,-0.0003700000047683716
2020-03-26,-0.000349999964237213
2020-03-27,0.0004699999839067458
2020-03-30,0.0007099999859929084
2020-03-31,0.00016999999061226843
2020-04-01,0.00033000001683831216
2020-04-02,1.999996602535252e-05
2020-04-03,-6.999999284744267e-05
2020-04-06,2.0000003278255432e-05
2020-04-07,0.0006800000742077829
2020-04-08,0.0005699999630451201
2020-04-09,0.0002499999105930327
2020-04-10,0.0
2020-04-13,-9.9999904632568e-05
2020-04-14,-0.0003499999642372132
2020-04-15,-0.0005000000447034835
2020-04-16,-5.000002682209025e-05
2020-04-17,-6.999999284744256e-05
2020-04-20,-0.0003299999982118607
2020-04-21,0.00027999997138977045
2020-04-22,-4.9999952316284106e-05
2020-04-23,0.0
2020-04-24,6.999999284744267e-05
2020-04-27,-6.999999284744267e-05
2020-04-28,-8.000001311302184e-05
2020-04-29,5.0000026822090145e-05
2020-04-30,0.0
2020-05-01,2.9999986290931693e-05
2020-05-04,-2.9999986290931693e-05
2020-05-05,0.0001999999582767486
2020-05-06,-1.999996602535252e-05
2020-05-07,-0.00013000003993511198
2020-05-08,0.0
2020-05-11,9.999997913837425e-05
2020-05-12,0.00018000006675720224
2020-05-13,-8.000001311302173e-05
2020-05-14,-0.0001000000536441805
2020-05-15,-1.9999966025352305e-05
2020-05-18,1.9999966025352305e-05
2020-05-19,0.0001300000399351122
2020-05-20,0.0
2020-05-21,-8.000001311302195e-05
2020-05-22,0.0
2020-05-25,0.0
2020-05-26,8.000001311302195e-05
2020-05-27,0.00017000004649162285
2020-05-28,2.9999911785125654e-05
2020-05-29,-9.999990463256821e-05
2020-06-01,0.0
2020-06-02,0.00016999989748001099
2020-06-03,3.0000060796737515e-05
2020-06-04,-8.000001311302173e-05
2020-06-05,4.9999952316284214e-05
2020-06-08,8.000001311302173e-05
2020-06-09,0.00012000009417533885
2020-06-10,0.0
2020-06-11,-0.00012000009417533885
2020-06-12,-2.9999911785125654e-05
2020-06-15,4.9999952316284214e-05
2020-06-16,4.9999952316284e-05
2020-06-17,5.000010132789629e-05
2020-06-18,-0.0002500000596046448
2020-06-19,3.0000060796737515e-05
2020-06-22,-3.0000060796737515e-05
2020-06-23,0.0
2020-06-24,-4.9999952316284214e-05
2020-06-25,-5.0000101327896075e-05
2020-06-26,3.0000060796737515e-05
2020-06-29,-8.000001311302173e-05
2020-06-30,0.00010000005364418029
2020-07-01,-5.0000101327896075e-05
2020-07-02,3.0000060796737515e-05
2020-07-03,0.0
2020-07-06,-4.9999952316284e-05
2020-07-07,0.00011999994516372677
2020-07-08,-4.9999952316284214e-05
2020-07-09,-0.00012000001966953281
2020-07-10,-3.000006079673773e-05
2020-07-13,5.000002682209025e-05
2020-07-14,8.000001311302173e-05
2020-07-15,-8.000001311302173e-05
2020-07-16,-0.00021999999880790706
2020-07-17,1.9999966025352305e-05
2020-07-20,0.0
2020-07-21,5.000002682209025e-05
2020-07-22,-9.999997913837425e-05
2020-07-23,2.9999986290931693e-05
2020-07-24,-5.000002682209025e-05
2020-07-27,-4.9999952316284106e-05
2020-07-28,9.999997913837436e-05
2020-07-29,-0.00012999996542930605
2020-07-30,-5.0000026822090145e-05
2020-07-31,-2.000004053115845e-05
2020-08-03,-4.9999952316284214e-05
2020-08-04,0.00012000001966953281
2020-08-05,4.9999952316284106e-05
2020-08-06,-6.999999284744256e-05
2020-08-07,0.0
2020-08-10,0.0
2020-08-11,0.00012000001966953281
2020-08-12,0.0
2020-08-13,-9.999997913837436e-05
2020-08-14,-2.000004053115845e-05
2020-08-17,-2.9999986290931693e-05
2020-08-18,0.0001500000059604645
2020-08-19,-5.000002682209025e-05
2020-08-20,-6.999999284744256e-05
2020-08-21,0.0
2020-08-24,-2.9999986290931693e-05
2020-08-25,9.999997913837425e-05
2020-08-26,-1.9999966025352413e-05
2020-08-27,1.9999966025352413e-05
2020-08-28,0.0
2020-08-31,0.0
2020-09-01,5.000002682209025e-05
2020-09-02,0.0
2020-09-03,0.0
2020-09-04,2.9999986290931693e-05
2020-09-07,0.0
2020-09-08,5.0000026822090036e-05
2020-09-09,-3.000006079673773e-05
2020-09-10,-1.9999966025352305e-05
2020-09-11,0.0
2020-09-14,-2.9999986290931693e-05
2020-09-15,0.0
2020-09-16,0.0
2020-09-17,-0.0001500000059604645
2020-09-18,-2.000004053115845e-05
2020-09-21,-2.99999862909318e-05
2020-09-22,8.000001311302195e-05
2020-09-23,0.0
2020-09-24,5.0000026822090145e-05
2020-09-25,-2.9999986290931693e-05
2020-09-28,-2.000004053115845e-05
2020-09-29,-2.9999986290931693e-05
2020-09-30,0.0
2020-10-01,-2.000004053115845e-05
2020-10-02,2.000004053115845e-05
2020-10-05,0.0
2020-10-06,2.9999986290931693e-05
2020-10-07,0.0
2020-10-08,0.0
2020-10-09,5.0000026822090145e-05
2020-10-12,-2.9999986290931693e-05
2020-10-13,2.9999986290931693e-05
2020-10-14,6.999999284744267e-05
2020-10-15,-5.000002682209025e-05
2020-10-16,-4.9999952316284106e-05
2020-10-19,0.0
2020-10-20,4.9999952316284106e-05
2020-10-21,-4.9999952316284106e-05
2020-10-22,-5.0000026822090145e-05
2020-10-23,-2.000004053115845e-05
2020-10-26,-2.99999862909318e-05
2020-10-27,0.0001000000536441804
2020-10-28,0.0
2020-10-29,-7.00000673532486e-05
2020-10-30,0.0
2020-11-02,0.0
2020-11-03,7.00000673532486e-05
2020-11-04,-7.00000673532486e-05
2020-11-05,2.000004053115845e-05
2020-11-06,-2.000004053115845e-05
2020-11-09,5.0000026822090145e-05
2020-11-10,2.000004053115845e-05
2020-11-11,0.0
2020-11-12,-5.0000026822090145e-05
2020-11-13,-2.000004053115845e-05
2020-11-16,-7.999993860721591e-05
2020-11-17,4.9999952316284106e-05
2020-11-18,-4.9999952316284106e-05
2020-11-19,-0.00015000004321336752
2020-11-20,-2.0000003278255432e-05
2020-11-23,0.00012000001966953281
2020-11-24,9.999997913837425e-05
2020-11-25,0.0
2020-11-26,0.0
2020-11-27,-6.999999284744256e-05
2020-11-30,2.000004053115845e-05
2020-12-01,4.9999952316284106e-05
2020-12-02,-4.9999952316284106e-05
2020-12-03,0.0
2020-12-04,0.0
2020-12-07,-5.0000026822090145e-05
2020-12-08,-1.999996602535252e-05
2020-12-09,1.999996602535252e-05
2020-12-10,0.0
2020-12-11,-5.0000026822090145e-05
2020-12-14,-4.9999989569187234e-05
2020-12-15,0.00010000001639127738
2020-12-16,5.0000026822090145e-05
2020-12-17,4.9999952316284106e-05
2020-12-18,0.0
2020-12-21,-1.9999966025352413e-05
2020-12-22,0.0
2020-12-23,-2.9999986290931693e-05
2020-12-24,0.0
2020-12-25,0.0
2020-12-28,4.9999952316284106e-05
2020-12-29,0.0001000000536441804
2020-12-30,-0.00020000003278255465
2020-12-31,-5.0000026822090145e-05
2021-01-01,0.0
2021-01-04,3.0000060796737623e-05
2021-01-05,9.999997913837436e-05
2021-01-06,0.0
2021-01-07,1.9999966025352413e-05
2021-01-08,0.0
2021-01-11,0.0
2021-01-12,0.0
2021-01-13,0.0
2021-01-14,-4.9999952316284106e-05
2021-01-15,0.0
2021-01-18,0.0
2021-01-19,-2.000004053115845e-05
2021-01-20,2.000004053115845e-05
2021-01-21,-2.000004053115845e-05
2021-01-22,-2.9999986290931693e-05
2021-01-25,0.0
2021-01-26,-1.999996602535252e-05
2021-01-27,-8.000005036592486e-05
2021-01-28,-4.9999989569187125e-05
2021-01-29,-6.999999284744261e-05
2021-02-01,0.0
2021-02-02,2.0000003278255486e-05
2021-02-03,-0.00010000001639127738
2021-02-04,-9.999999776482581e-05
2021-02-05,-6.999999284744261e-05
2021-02-08,-3.0000004917383203e-05
2021-02-09,0.00013000000268220902
2021-02-10,2.0000003278255486e-05
2021-02-11,0.0
2021-02-12,0.0
2021-02-15,0.0
2021-02-16,0.0
2021-02-17,0.0
2021-02-18,-0.0001200000010430813
2021-02-19,0.0
2021-02-22,2.0000003278255486e-05
2021-02-23,-2.0000003278255486e-05
2021-02-24,5.0000008195638635e-05
2021-02-25,4.999998956918718e-05
2021-02-26,2.0000003278255486e-05
2021-03-01,-6.999999284744267e-05
2021-03-02,6.999999284744267e-05
2021-03-03,0.0
2021-03-04,-6.999999284744267e-05
2021-03-05,0.0
2021-03-08,6.999999284744267e-05
2021-03-09,0.0
2021-03-10,-5.000000819563869e-05
2021-03-11,-1.9999984651803977e-05
2021-03-12,-3.000000491738315e-05
2021-03-15,-0.0001000000070780516
2021-03-16,-6.999999284744261e-05
2021-03-17,0.0
2021-03-18,-5.0000003539025785e-05
2021-03-19,1.9999998621642585e-05
2021-03-22,0.0
2021-03-23,4.999999888241291e-05
2021-03-24,4.999999888241291e-05
2021-03-25,0.0
2021-03-26,0.0
2021-03-29,-6.999999284744261e-05
2021-03-30,4.999999888241291e-05
2021-03-31,0.0
2021-04-01,-4.999999888241291e-05
2021-04-02,0.0
2021-04-05,6.999999284744261e-05
2021-04-06,0.0
2021-04-07,-4.999999888241291e-05
2021-04-08,-4.999999888241291e-05
2021-04-09,-1.9999998621642585e-05
2021-04-12,6.999999750405549e-05
2021-04-13,4.999999888241291e-05
2021-04-14,0.0
2021-04-15,-4.999999888241291e-05
2021-04-16,-1.9999993965029705e-05
2021-04-19,6.999999284744261e-05
2021-04-20,0.0
2021-04-21,-1.9999993965029705e-05
2021-04-22,1.9999993965029705e-05
2021-04-23,0.0
2021-04-26,-6.999999284744261e-05
2021-04-27,1.9999993965029705e-05
2021-04-28,-1.9999993965029705e-05
2021-04-29,0.0
2021-04-30,-5.0000003539025785e-05
2021-05-03,1.9999998621642585e-05
2021-05-04,4.999999888241291e-05
2021-05-05,-1.9999993965029705e-05
2021-05-06,0.0
2021-05-07,0.0
2021-05-10,-3.0000004917383203e-05
2021-05-11,4.999999888241291e-05
2021-05-12,0.0
2021-05-13,-1.9999993965029705e-05
2021-05-14,-3.0000004917383203e-05
2021-05-17,0.0
2021-05-18,4.999999888241291e-05
2021-05-19,-4.999999888241291e-05
2021-05-20,-1.9999998621642585e-05
2021-05-21,0.0
2021-05-24,0.0
2021-05-25,6.999999750405549e-05
2021-05-26,-4.999999888241291e-05
2021-05-27,0.0
2021-05-28,3.0000004917383203e-05
2021-05-31,0.0
2021-06-01,1.9999993965029705e-05
2021-06-02,4.999999888241291e-05
2021-06-03,0.0
2021-06-04,0.0
2021-06-07,2.9999995604157448e-05
2021-06-08,2.000000327825546e-05
2021-06-09,0.0
2021-06-10,0.0
2021-06-11,-2.000000327825546e-05
2021-06-14,-2.9999995604157448e-05
2021-06-15,4.999999888241291e-05
2021-06-16,8.000001311302184e-05
2021-06-17,0.0
2021-06-18,0.0
2021-06-21,1.9999984651803977e-05
2021-06-22,7.999999448657038e-05
2021-06-23,2.0000003278255432e-05
2021-06-24,3.0000023543834712e-05
2021-06-25,0.0
2021-06-28,-3.0000023543834712e-05
2021-06-29,0.0
2021-06-30,0.0
2021-07-01,0.0
2021-07-02,-2.0000003278255432e-05
2021-07-05,0.0
2021-07-06,2.0000003278255432e-05
2021-07-07,3.0000023543834712e-05
2021-07-08,0.0
2021-07-09,0.0
2021-07-12,0.0
2021-07-13,2.0000003278255486e-05
2021-07-14,0.0
2021-07-15,-7.000003010034563e-05
2021-07-16,0.0
2021-07-19,2.0000003278255432e-05
2021-07-20,5.00000268220902e-05
2021-07-21,0.0
2021-07-22,-2.0000003278255486e-05
2021-07-23,2.0000003278255486e-05
2021-07-26,-5.00000268220902e-05
2021-07-27,5.00000268220902e-05
2021-07-28,0.0
2021-07-29,-5.00000268220902e-05
2021-07-30,0.0
2021-08-02,-2.0000003278255432e-05
2021-08-03,7.000003010034563e-05
2021-08-04,0.0
2021-08-05,-2.0000003278255486e-05
2021-08-06,0.0
2021-08-09,2.0000003278255486e-05
2021-08-10,4.999998956918718e-05
2021-08-11,-4.999998956918718e-05
2021-08-12,-2.0000003278255486e-05
2021-08-13,2.0000003278255486e-05
2021-08-16,0.000129999965429306
2021-08-17,5.0000026822090145e-05
2021-08-18,-8.000001311302184e-05
2021-08-19,-0.00011999998241662979
2021-08-20,0.0
2021-08-23,-3.0000023543834712e-05
2021-08-24,8.000001311302189e-05
2021-08-25,-2.9999986290931693e-05
2021-08-26,-2.0000003278255486e-05
2021-08-27,0.0
2021-08-30,-5.0000026822090145e-05
2021-08-31,2.0000003278255432e-05
2021-09-01,0.0
2021-09-02,0.0
2021-09-03,0.0
2021-09-06,0.0
2021-09-07,-4.9999989569187125e-05
2021-09-08,4.9999989569187125e-05
2021-09-09,-2.0000003278255432e-05
2021-09-10,0.0
2021-09-13,0.0
2021-09-14,-2.9999986290931693e-05
2021-09-15,0.0
2021-09-16,-5.000000819563869e-05
2021-09-17,-1.9999984651803977e-05
2021-09-20,-3.000000491738315e-05
2021-09-21,-5.000000819563869e-05
2021-09-22,5.000000819563869e-05
2021-09-23,0.0
2021-09-24,0.0
2021-09-27,0.0
2021-09-28,4.9999989569187125e-05
2021-09-29,0.0
2021-09-30,-1.9999984651803977e-05
2021-10-01,0.0
2021-10-04,0.0
2021-10-05,6.999999284744267e-05
2021-10-06,4.9999989569187125e-05
2021-10-07,0.0
2021-10-08,0.0
2021-10-11,0.0
2021-10-12,0.0
2021-10-13,5.00000268220902e-05
2021-10-14,-5.00000268220902e-05
2021-10-15,-2.0000003278255432e-05
2021-10-18,5.0000026822090145e-05
2021-10-19,6.999999284744267e-05
2021-10-20,0.0
2021-10-21,0.0
2021-10-22,0.0
2021-10-25,0.0
2021-10-26,0.0
2021-10-27,0.0
2021-10-28,-2.0000003278255486e-05
2021-10-29,0.0
2021-11-01,-8.000001311302189e-05
2021-11-02,5.00000268220902e-05
2021-11-03,0.0
2021-11-04,-0.00010000001639127732
2021-11-05,4.9999989569187125e-05
2021-11-08,-4.9999989569187125e-05
2021-11-09,4.9999989569187125e-05
2021-11-10,5.00000268220902e-05
2021-11-11,-5.00000268220902e-05
2021-11-12,3.0000023543834712e-05
2021-11-15,-5.0000026822090145e-05
2021-11-16,2.0000003278255432e-05
2021-11-17,5.00000268220902e-05
2021-11-18,0.0
2021-11-19,0.0
2021-11-22,-5.00000268220902e-05
2021-11-23,5.00000268220902e-05
2021-11-24,4.999998956918718e-05
2021-11-25,0.0
2021-11-26,-6.999999284744267e-05
2021-11-29,-5.0000026822090145e-05
2021-11-30,0.00010000001639127732
2021-12-01,2.0000003278255486e-05
2021-12-02,-6.999999284744267e-05
2021-12-03,0.0
2021-12-06,0.0
2021-12-07,0.00014999996870756148
2021-12-08,2.0000003278255432e-05
2021-12-09,-6.999999284744256e-05
2021-12-10,-2.9999986290931693e-05
2021-12-13,-6.999999284744267e-05
2021-12-14,4.999998956918718e-05
2021-12-15,-2.9999986290931693e-05
2021-12-16,-0.00010000001639127732
2021-12-17,-5.000000819563869e-05
2021-12-20,7.999999448657038e-05
2021-12-21,0.0002699999883770943
2021-12-22,0.0
2021-12-23,-6.999999284744267e-05
2021-12-24,0.0
2021-12-27,-0.00014999996870756148
2021-12-28,6.999999284744267e-05
2021-12-29,-4.999998956918718e-05
2021-12-30,-0.00020000001415610314
2021-12-31,7.999999448657033e-05
2022-01-03,0.00019999999552965168
2022-01-04,0.0002699999883770942
2022-01-05,5.000002682209025e-05
2022-01-06,5.0000026822090145e-05
2022-01-07,-2.000004053115845e-05
2022-01-10,2.000004053115845e-05
2022-01-11,0.00027999997138977056
2022-01-12,-2.9999986290931693e-05
2022-01-13,-5.000002682209025e-05
2022-01-14,8.000001311302195e-05
2022-01-17,0.0
2022-01-18,0.00011999994516372677
2022-01-19,0.0003500001132488251
2022-01-20,2.9999911785125654e-05
2022-01-21,-9.999990463256843e-05
2022-01-24,-3.0000060796737515e-05
2022-01-25,0.0003000000119209288
2022-01-26,-6.999999284744256e-05
2022-01-27,6.999999284744256e-05
2022-01-28,-0.00012000009417533863
2022-01-31,0.0
2022-02-01,0.0003000000119209288
2022-02-02,-0.00017999991774559016
2022-02-03,8.000001311302195e-05
2022-02-04,0.0003000000119209288
2022-02-07,-0.00020000010728836058
2022-02-08,0.0007200001180171969
2022-02-09,-4.9999952316284214e-05
2022-02-10,0.000999999940395355
2022-02-11,-0.00032000005245208735
2022-02-14,0.00022000014781951936
2022-02-15,0.00039999991655349744
2022-02-16,-0.00027000010013580357
2022-02-17,-0.00027999997138977066
2022-02-18,-0.00027000010013580314
2022-02-21,0.0
2022-02-22,0.00012000024318695093
2022-02-23,9.999990463256843e-05
2022-02-24,-0.0005700001120567326
2022-02-25,0.0001500001549720768
2022-02-28,-0.00010000020265579258
2022-03-01,0.0002500000596046448
2022-03-02,0.00011999994516372677
2022-03-03,0.00010000020265579258
2022-03-04,-0.000300000011920929
2022-03-07,0.0
2022-03-08,0.0005500000715255738
2022-03-09,9.9999904632568e-05
2022-03-10,-9.9999904632568e-05
2022-03-11,4.999995231628378e-05
2022-03-14,0.0001299998164176943
2022-03-15,0.0007000002264976497
2022-03-16,-0.00015000015497207593
2022-03-17,-0.0007299998402595519
2022-03-18,0.0002299997210502623
2022-03-21,0.0007200002670288089
2022-03-22,0.0006499996781349181
2022-03-23,-0.00039999991655349787
2022-03-24,3.0000209808350026e-05
2022-03-25,0.00036999970674514784
2022-03-28,-0.00011999964714050348
2022-03-29,0.00046999990940094043
2022-03-30,-0.00030000030994415273
2022-03-31,-0.00031999975442886363
2022-04-01,6.999999284744256e-05
2022-04-04,0.00037999987602233866
2022-04-05,0.0012999999523162845
2022-04-06,-4.9999952316284214e-05
2022-04-07,-2.9999613761901717e-05
2022-04-08,7.999956607818593e-05
2022-04-11,0.00012000024318695093
2022-04-12,0.0005799996852874755
2022-04-13,2.000033855438163e-05
2022-04-14,8.000016212463424e-05
2022-04-15,0.0
2022-04-18,6.99996948242184e-05
2022-04-19,0.0007800000905990598
2022-04-20,-0.00037999987602233866
2022-04-21,4.999995231628508e-05
2022-04-22,-0.00020000040531158517
2022-04-25,0.0001800000667572018
2022-04-26,0.00035000026226043694
2022-04-27,-0.0002499997615814202
2022-04-28,-0.00023000001907348688
2022-04-29,0.00023000001907348688
2022-05-02,-0.0004300004243850712
2022-05-03,0.0012999999523162836
2022-05-04,-0.0006199997663497922
2022-05-05,-0.00030000030994415186
2022-05-06,0.00012000024318695006
2022-05-09,-0.00014999985694885178
2022-05-10,0.000780000090599059
2022-05-11,4.999995231628508e-05
2022-05-12,0.00021999955177307018
2022-05-13,0.00038000047206878697
2022-05-16,0.000370000004768372
2022-05-17,0.0005799996852874755
2022-05-18,-0.00034999966621398863
2022-05-19,-3.0000209808350026e-05
2022-05-20,-0.0002200001478195185
2022-05-23,0.00014999985694885178
2022-05-24,0.0005000001192092887
2022-05-25,1.9999742507935056e-05
2022-05-26,-0.00016999959945678683
2022-05-27,-3.0000209808350026e-05
2022-05-30,0.0
2022-05-31,4.999995231628508e-05
2022-06-01,0.0007300007343292239
2022-06-02,9.999990463256843e-05
2022-06-03,0.00021999955177307018
2022-06-06,0.00024999976158142194
2022-06-07,0.0006500005722045888
2022-06-08,8.000016212463337e-05
2022-06-09,4.999995231628508e-05
2022-06-10,0.0004999995231628421
2022-06-13,0.0021000003814697268
2022-06-14,0.0024500000476837154
2022-06-15,-0.0004799997806549071
2022-06-16,-0.002120000123977662
2022-06-17,0.00026999950408935526
2022-06-20,0.0
2022-06-21,-0.00021999955177307018
2022-06-22,0.0005699992179870605
2022-06-23,0.00014999985694885178
2022-06-24,0.00038000106811523354
2022-06-27,0.00034999966621399037
2022-06-28,0.0010500001907348643
2022-06-29,-0.00032999992370605705
2022-06-30,-0.0010500001907348608
2022-07-01,3.0000209808350026e-05
2022-07-04,0.0
2022-07-05,0.0002699995040893535
2022-07-06,0.0021000003814697285
2022-07-07,0.00013000011444091672
2022-07-08,-9.999990463257016e-05
2022-07-11,0.0010999989509582545
2022-07-12,0.001599999666213988
2022-07-13,0.002100000381469725
2022-07-14,-0.0004999995231628404
2022-07-15,-0.0003299999237060536
2022-07-18,0.00019999980926513686
2022-07-19,0.0019000005722045882
2022-07-20,-0.0007200002670288072
2022-07-21,-0.00018000125885009668
2022-07-22,-4.99987602233902e-05
2022-07-25,0.0003799986839294438
2022-07-26,0.0008200001716613774
2022-07-27,-0.0009200000762939475
2022-07-28,-0.0007499980926513675
2022-07-29,-9.99999046325667e-05
2022-08-01,-0.0003299999237060536
2022-08-02,0.0019799995422363284
2022-08-03,-0.000350000858306887
2022-08-04,-0.0004999995231628404
2022-08-05,0.0003200006484985335
2022-08-08,0.0004999995231628439
2022-08-09,0.001099998950958251
2022-08-10,-0.00034999847412109375
2022-08-11,-0.0004500007629394537
2022-08-12,9.999990463257016e-05
2022-08-15,0.00013000011444091672
2022-08-16,0.0008500003814697274
2022-08-17,-0.000299999713897707
2022-08-18,-3.0000209808350026e-05
2022-08-19,0.0001499986648559569
2022-08-22,0.0006800007820129406
2022-08-23,0.0005500006675720204
2022-08-24,9.999990463257016e-05
2022-08-25,0.00016999959945678683
2022-08-26,0.0002500009536743168
2022-08-29,0.00042999982833862374
2022-08-30,0.0007499980926513675
2022-08-31,-0.0001300001144409202
2022-09-01,3.0000209808350026e-05
2022-09-02,-0.00042999982833862374
2022-09-05,0.0
2022-09-06,0.0002500009536743168
2022-09-07,0.0008800005912780774
2022-09-08,0.00016999959945678683
2022-09-09,0.00017999887466430692
2022-09-12,0.0002699995040893535
2022-09-13,0.001580002307891848
2022-09-14,-0.0002500009536743203
2022-09-15,-0.0003299999237060501
2022-09-16,-0.0002500009536743168
2022-09-19,-0.00034999847412109375
2022-09-20,0.002079999446868895
2022-09-21,-0.0005299997329711939
2022-09-22,-0.0005999994277954071
2022-09-23,-0.0002200007438659668
2022-09-26,0.0005699992179870605
2022-09-27,0.0008500003814697274
2022-09-28,-0.00019999980926514033
2022-09-29,-0.00012000083923339316
2022-09-30,-0.00037999868392944725
2022-10-03,-0.000299999713897707
2022-10-04,0.0016499996185302748
2022-10-05,-0.0002200007438659668
2022-10-06,-4.999876022338673e-05
2022-10-07,4.999876022338673e-05
2022-10-10,-7.999897003173329e-05
2022-10-11,0.0005499982833862271
2022-10-12,0.0019300007820129417
2022-10-13,0.0004999995231628404
2022-10-14,0.0004500007629394537
2022-10-17,0.0005999994277954071
2022-10-18,0.0014499998092651414
2022-10-19,0.0005999994277954071
2022-10-20,-2.999782562256026e-05
2022-10-21,-5.0001144409179965e-05
2022-10-24,0.00028000116348266685
2022-10-25,0.0005199980735778806
2022-10-26,-0.00034999847412109375
2022-10-27,0.0
2022-10-28,0.0003999996185302737
2022-10-31,4.999876022338673e-05
2022-11-01,0.0007500028610229539
2022-11-02,-0.0002500009536743203
2022-11-03,0.0
2022-11-04,-0.00012000083923339316
2022-11-07,-0.000299999713897707
2022-11-08,0.0010700011253356942
2022-11-09,2.999782562255332e-05
2022-11-10,-0.00038000106811523354
2022-11-11,8.000373840331976e-05
2022-11-14,4.999637603760043e-05
2022-11-15,0.0006200027465820337
2022-11-16,-5.0001144409179965e-05
2022-11-17,-0.0001200008392334001
2022-11-18,0.00022000312805176003
2022-11-21,-0.0003700017929077204
2022-11-22,0.0009999990463256878
2022-11-23,1.9998550415040173e-05
2022-11-24,0.0
2022-11-25,-0.0002499961853027338
2022-11-28,7.999897003173329e-05
2022-11-29,0.0006999969482421875
2022-11-30,0.0
2022-12-01,-0.0005999994277954071
2022-12-02,0.0001500034332275399
2022-12-05,-0.0005000019073486336
2022-12-06,0.0006199979782104473
2022-12-07,-0.0003699970245361339
2022-12-08,-0.0003299999237060536
2022-12-09,0.00022999763488769365
2022-12-12,-4.999637603759349e-05
2022-12-13,0.0007999992370605474
2022-12-14,-0.0002800035476684601
2022-12-15,-6.999969482422014e-05
2022-12-16,-0.0004999971389770472
2022-12-19,0.0
2022-12-20,0.0006699991226196272
2022-12-21,-0.00025000095367431335
2022-12-22,3.0002593994139792e-05
2022-12-23,-0.0001500034332275399
2022-12-26,0.0
2022-12-27,2.0003318786619706e-05
2022-12-28,0.0014299964904785148
2022-12-29,-0.000429997444152834
2022-12-30,-0.00034999847412109375
2023-01-02,0.0
2023-01-03,-5.0001144409173026e-05
2023-01-04,0.0014499998092651345
2023-01-05,0.0009800004959106406
2023-01-06,-5.0001144409179965e-05
2023-01-09,-0.00010000228881835299
2023-01-10,0.0008200025558471671
2023-01-11,-0.00010000228881835993
2023-01-12,-0.0007999992370605474
2023-01-13,0.00013000011444091325
2023-01-16,0.0
2023-01-17,5.0001144409179965e-05
2023-01-18,0.0003700017929077204
2023-01-19,-5.0001144409179965e-05
2023-01-20,0.00013000011444091325
2023-01-23,-3.0002593994139792e-05
2023-01-24,0.00038000106811523354
2023-01-25,-0.0002799987792968736
2023-01-26,-1.9998550415040173e-05
2023-01-27,4.999637603760043e-05
2023-01-30,-0.0001300001144409202
2023-01-31,0.0003500032424926802
2023-02-01,-0.0005000019073486336
2023-02-02,-9.99975204467804e-05
2023-02-03,0.00012999534606933372
2023-02-06,0.00010000228881835993
2023-02-07,0.0003700017929077204
2023-02-08,0.00014999866485595342
2023-02-09,0.0002799987792968736
2023-02-10,0.00022000312805176003
2023-02-13,9.99975204467804e-05
2023-02-14,0.00014999866485595342
2023-02-15,-0.0001699972152709936
2023-02-16,0.00021999835968017356
2023-02-17,0.00014999866485596036
2023-02-20,0.0
2023-02-21,8.000373840331976e-05
2023-02-22,6.99996948242132e-05
2023-02-23,-5.0001144409179965e-05
2023-02-24,0.0001300001144409202
2023-02-27,-0.00038000106811523354
2023-02-28,0.0004500007629394537
2023-03-01,0.00014999866485595342
2023-03-02,-1.9998550415033234e-05
2023-03-03,-5.0001144409179965e-05
2023-03-06,0.00010000228881835993
2023-03-07,0.0011699962615966744
2023-03-08,0.00038000106811523354
2023-03-09,-0.00034999847412109375
2023-03-10,-0.00045000076293944674
2023-03-13,-0.0014499998092651414
2023-03-14,0.0002199983596801805
2023-03-15,-0.0012199974060058613
2023-03-16,-0.0002799987792968736
2023-03-17,-0.002369999885559082
2023-03-20,0.001719999313354488
2023-03-21,0.0013999986648559615
2023-03-22,-0.0004199981689453139
2023-03-23,-0.0006000041961669936
2023-03-24,0.0
2023-03-27,0.000800004005432127
2023-03-28,0.00044999599456787415
2023-03-29,2.0003318786619706e-05
2023-03-30,0.00034999847412109375
2023-03-31,-0.0007999992370605474
2023-04-03,-0.00014999866485595342
2023-04-04,0.0015799999237060547
2023-04-05,-0.00023000240325928012
2023-04-06,5.0001144409179965e-05
2023-04-07,0.0
2023-04-10,0.0012799978256225614
2023-04-11,0.0004200029373168934
2023-04-12,-0.00019999980926514033
2023-04-13,-5.0001144409179965e-05
2023-04-14,0.00047999858856201394
2023-04-17,0.0001999998092651334
2023-04-18,0.0010700035095214874
2023-04-19,-0.0003500032424926733
2023-04-20,-0.0004999971389770541
2023-04-21,4.999637603760043e-05
2023-04-24,-0.0007699966430664076
2023-04-25,0.0007999992370605474
2023-04-26,0.0003200006484985335
2023-04-27,0.00014999866485596036
2023-04-28,-0.0007700014114379941
2023-05-01,-0.0005800008773803669
2023-05-02,0.0017500019073486348
2023-05-03,0.0005499982833862271
2023-05-04,-0.0003999996185302737
2023-05-05,0.0002500009536743203
2023-05-08,3.0002593994139792e-05
2023-05-09,0.0003999996185302737
2023-05-10,-0.0005800008773803739
2023-05-11,-0.0005000019073486336
2023-05-12,0.0001300001144409202
2023-05-15,-0.0002799987792968736
2023-05-16,0.0005800008773803669
2023-05-17,0.0002999973297119138
2023-05-18,0.00037000179290771346
2023-05-19,-0.0003999996185302737
2023-05-22,9.99975204467804e-05
2023-05-23,0.0005800008773803739
2023-05-24,0.0003200006484985335
2023-05-25,-0.00021999835968017356
2023-05-26,-0.00048000335693359347
2023-05-29,0.0
2023-05-30,0.00028000354766845315
2023-05-31,0.0010500001907348608
2023-06-01,-0.00045000076293944674
2023-06-02,0.00012000083923339316
2023-06-05,-0.0007200002670288072
2023-06-06,0.00014999866485596036
2023-06-07,-5.0001144409179965e-05
2023-06-08,-0.0005299997329711939
2023-06-09,-5.0001144409179965e-05
2023-06-12,0.0
2023-06-13,5.0001144409179965e-05
2023-06-14,-0.0001999998092651334
2023-06-15,-0.0002500009536743203
2023-06-16,0.00010000228881835993
2023-06-19,0.0
2023-06-20,9.99975204467804e-05
2023-06-21,0.0006000041961669866
2023-06-22,0.0
2023-06-23,2.999782562256026e-05
2023-06-26,0.00017000198364258007
2023-06-27,0.0002499961853027338
2023-06-28,-9.99975204467804e-05
2023-06-29,5.0001144409179965e-05
2023-06-30,-0.0002200031280517531
2023-07-03,-7.999897003174022e-05
2023-07-04,0.0
2023-07-05,0.00047999858856201394
2023-07-06,0.0001999998092651334
2023-07-07,0.0
2023-07-10,0.0001200008392334001
2023-07-11,0.00018000125885009322
2023-07-12,-0.00013000011444091325
2023-07-13,-6.999969482422014e-05
2023-07-14,-7.999897003174022e-05
2023-07-17,0.00017999649047852062
2023-07-18,0.00015000343322753296
2023-07-19,-3.0002593994139792e-05
2023-07-20,-1.9998550415040173e-05
2023-07-21,5.0001144409179965e-05
2023-07-24,1.9998550415040173e-05
2023-07-25,0.00014999866485596036
2023-07-26,3.0002593994139792e-05
2023-07-27,0.0
2023-07-28,-0.0001300001144409202
2023-07-31,-6.999969482422014e-05
2023-08-01,0.0001200008392334001
2023-08-02,0.0
2023-08-03,-2.0003318786619706e-05
2023-08-04,-5.0001144409179965e-05
2023-08-07,7.000446319579967e-05
2023-08-08,0.00014999866485596036
2023-08-09,5.0001144409179965e-05
2023-08-10,-0.0001200008392334001
2023-08-11,-3.0002593994139792e-05
2023-08-14,5.0001144409179965e-05
2023-08-15,0.00010000228881835993
2023-08-16,4.999637603759349e-05
2023-08-17,-6.999969482422014e-05
2023-08-18,0.0
2023-08-21,2.0003318786626645e-05
2023-08-22,0.00014999866485595342
2023-08-23,0.0
2023-08-24,7.999897003174022e-05
2023-08-25,0.0001200008392334001
2023-08-28,7.999897003173329e-05
2023-08-29,-2.999782562255332e-05
2023-08-30,-5.0001144409179965e-05
2023-08-31,-0.00017000198364258007
2023-09-01,-0.0002999973297119138
2023-09-04,0.0
2023-09-05,9.999752044677346e-05
2023-09-06,0.00022000312805176003
2023-09-07,-0.00017000198364258007
2023-09-08,0.00010000228881835993
2023-09-11,0.0
2023-09-12,0.00011999607086182057
2023-09-13,0.0
2023-09-14,-9.99975204467804e-05
2023-09-15,2.999782562256026e-05
2023-09-18,2.0003318786619706e-05
2023-09-19,9.99975204467804e-05
2023-09-20,5.0001144409179965e-05
2023-09-21,-0.00010000228881835993
2023-09-22,0.0
2023-09-25,8.000373840331976e-05
2023-09-26,0.00011999607086181363
2023-09-27,5.0001144409179965e-05
2023-09-28,-0.00021999835968017356
2023-09-29,-7.999897003174022e-05
2023-10-02,0.00014999866485596036
2023-10-03,0.00025000095367431335
2023-10-04,-5.0001144409179965e-05
2023-10-05,-0.00010000228881835993
2023-10-06,0.00023000240325928012
2023-10-09,0.0
2023-10-10,-0.0002500009536743203
2023-10-11,0.0001200008392334001
2023-10-12,0.0
2023-10-13,-6.999969482422014e-05
2023-10-16,0.0
2023-10-17,0.0001200008392334001
2023-10-18,-0.00010000228881835993
2023-10-19,-0.0001999998092651334
2023-10-20,-9.99975204467804e-05
2023-10-23,-6.999969482422014e-05
2023-10-24,0.00014999866485596036
2023-10-25,6.999969482422014e-05
2023-10-26,-0.00014999866485596036
2023-10-27,4.999637603760043e-05
2023-10-30,8.000373840331976e-05
2023-10-31,6.999969482422014e-05
2023-11-01,-0.00019999980926514033
2023-11-02,-0.0003000020980834933
2023-11-03,-0.00017000198364258007
2023-11-06,7.000446319579967e-05
2023-11-07,0.00012999534606934066
2023-11-08,-4.999637603760043e-05
2023-11-09,-5.0001144409179965e-05
2023-11-10,-0.0001300001144409202
2023-11-13,0.00010000228881835993
2023-11-14,-7.000446319579967e-05
2023-11-15,2.0003318786619706e-05
2023-11-16,-0.0001200008392334001
2023-11-17,-0.00010000228881835299
2023-11-20,5.0001144409179965e-05
2023-11-21,0.00017000198364257313
2023-11-22,9.99975204467804e-05
2023-11-23,0.0
2023-11-24,-0.0001200008392334001
2023-11-27,5.0001144409179965e-05
2023-11-28,2.0003318786619706e-05
2023-11-29,-0.00020000457763671986
2023-11-30,-1.9998550415033234e-05
2023-12-01,-0.00022999763488770059
2023-12-04,7.999897003174022e-05
2023-12-05,0.0001999998092651334
2023-12-06,0.0
2023-12-07,-0.00010000228881835299
2023-12-08,0.0
2023-12-11,0.0
2023-12-12,0.00015000343322753296
2023-12-13,-0.00025000095367431335
2023-12-14,-7.999897003174022e-05
2023-12-15,9.99975204467804e-05
2023-12-18,0.0
2023-12-19,0.0001300001144409202
2023-12-20,-7.999897003174022e-05
2023-12-21,-0.00019999980926514033
2023-12-22,-1.9998550415040173e-05
2023-12-25,0.0
2023-12-26,-5.0001144409173026e-05
2023-12-27,0.0003200006484985335
2023-12-28,-0.00017000198364258007
2023-12-29,-0.00038000106811523354
2024-01-01,0.0
2024-01-02,0.0003299999237060536
2024-01-03,0.00022000312805176003
2024-01-04,-6.999969482422014e-05
2024-01-05,-8.000373840331976e-05
2024-01-08,0.0
2024-01-09,0.00010000228881835993
2024-01-10,-5.0001144409179965e-05
2024-01-11,-6.999969482422014e-05
2024-01-12,-0.0001999998092651334
2024-01-15,0.0
2024-01-16,5.0001144409179965e-05
2024-01-17,0.00012000083923339316
2024-01-18,-0.0001500034332275399
2024-01-19,-1.9998550415033234e-05
2024-01-22,1.9998550415033234e-05
2024-01-23,0.00010000228881835993
2024-01-24,0.0
2024-01-25,-0.00014999866485595342
2024-01-26,4.999637603759349e-05
2024-01-29,0.0
2024-01-30,3.000259399414673e-05
2024-01-31,-0.00014999866485596036
2024-02-01,0.00011999607086181363
2024-02-02,0.00010000228881835993
2024-02-05,0.00018000125885010015
2024-02-06,-5.0001144409179965e-05
2024-02-07,0.0
2024-02-08,-5.0001144409179965e-05
2024-02-09,1.9998550415040173e-05
2024-02-12,8.000373840331976e-05
2024-02-13,4.999637603760043e-05
2024-02-14,-0.00014999866485596036
2024-02-15,0.0
2024-02-16,5.0001144409179965e-05
2024-02-19,0.0
2024-02-20,-0.00010000228881835993
2024-02-21,0.00022000312805176003
2024-02-22,-2.0003318786619706e-05
2024-02-23,6.99996948242132e-05
2024-02-26,0.00010000228881835993
2024-02-27,-5.0001144409179965e-05
2024-02-28,-5.0001144409179965e-05
2024-02-29,-0.0001699972152709936
2024-03-01,-7.999897003174022e-05
2024-03-04,7.999897003174022e-05
2024-03-05,1.9998550415040173e-05
2024-03-06,5.0001144409179965e-05
2024-03-07,-1.9998550415040173e-05
2024-03-08,0.0
2024-03-11,0.00011999607086181363
2024-03-12,0.0
2024-03-13,-1.9998550415033234e-05
2024-03-14,0.0
2024-03-15,0.0
2024-03-18,0.0
2024-03-19,0.0
2024-03-20,-9.99975204467804e-05
2024-03-21,0.0
2024-03-22,-8.000373840331976e-05
2024-03-25,-1.9998550415040173e-05
2024-03-26,0.0
2024-03-27,-2.999782562256026e-05
2024-03-28,-0.00012000083923339316
2024-03-29,0.0
2024-04-01,0.00014999866485595342
2024-04-02,-5.0001144409179965e-05
2024-04-03,-2.999782562256026e-05
2024-04-04,-6.99996948242132e-05
2024-04-05,0.00012000083923339316
2024-04-08,7.999897003174022e-05
2024-04-09,-3.0002593994139792e-05
2024-04-10,0.00023000240325927318
2024-04-11,-5.0001144409173026e-05
2024-04-12,-7.999897003174022e-05
2024-04-15,7.999897003174022e-05
2024-04-16,-5.0001144409179965e-05
2024-04-17,6.99996948242132e-05
2024-04-18,3.0002593994139792e-05
2024-04-19,1.9998550415040173e-05
2024-04-22,0.0
2024-04-23,0.0
2024-04-24,0.00010000228881835993
2024-04-25,-0.00010000228881835993
2024-04-26,-6.99996948242132e-05
2024-04-29,5.0001144409173026e-05
2024-04-30,1.9998550415040173e-05
2024-05-01,5.0001144409179965e-05
2024-05-02,-0.00012000083923339316
2024-05-03,-2.999782562256026e-05
2024-05-06,4.999637603759349e-05
2024-05-07,3.0002593994139792e-05
2024-05-08,1.9998550415040173e-05
2024-05-09,-5.0001144409179965e-05
2024-05-10,3.0002593994139792e-05
2024-05-13,-3.0002593994139792e-05
2024-05-14,-4.999637603759349e-05
2024-05-15,4.999637603759349e-05
2024-05-16,3.0002593994139792e-05
2024-05-17,-3.0002593994139792e-05
2024-05-20,0.0
2024-05-21,0.0
2024-05-22,5.0001144409179965e-05
2024-05-23,0.0
2024-05-24,0.0
2024-05-27,0.0
2024-05-28,3.0002593994139792e-05
2024-05-29,1.9998550415040173e-05
2024-05-30,-1.9998550415040173e-05
2024-05-31,-3.0002593994139792e-05
2024-06-03,-1.9998550415040173e-05
2024-06-04,-3.0002593994139792e-05
2024-06-05,0.0
2024-06-06,-6.99996948242132e-05
2024-06-07,5.0001144409179965e-05
2024-06-10,-5.0001144409179965e-05
2024-06-11,0.00012000083923339316
2024-06-12,-1.9998550415040173e-05
2024-06-13,-3.0002593994139792e-05
2024-06-14,0.0
2024-06-17,3.0002593994139792e-05
2024-06-18,-7.999897003173329e-05
2024-06-19,0.0
2024-06-20,-0.00010000228881835993
2024-06-21,-9.99975204467804e-05
2024-06-24,-5.0001144409179965e-05
2024-06-25,0.0001300001144409202
2024-06-26,6.999969482422014e-05
2024-06-27,-6.999969482422014e-05
2024-06-28,-0.00010000228881835993
2024-07-01,5.0001144409179965e-05
2024-07-02,0.00010000228881835993
2024-07-03,1.9998550415040173e-05
2024-07-04,0.0
2024-07-05,-5.0001144409179965e-05
2024-07-08,-6.999969482422014e-05
2024-07-09,6.999969482422014e-05
2024-07-10,0.0
2024-07-11,-0.0002699995040893535
2024-07-12,0.0
2024-07-15,-5.0001144409179965e-05
2024-07-16,0.0
2024-07-17,2.0003318786619706e-05
2024-07-18,-2.0003318786619706e-05
2024-07-19,0.0
2024-07-22,-2.999782562256026e-05
2024-07-23,-0.00017000198364258007
2024-07-24,-2.999782562256026e-05
2024-07-25,-0.00010000228881835993
2024-07-26,-4.999637603759349e-05
2024-07-29,-8.000373840331976e-05
2024-07-30,-0.00011999607086182057
2024-07-31,0.0
2024-08-01,-0.00020000457763671292
2024-08-02,-0.0008499956130981479
2024-08-05,0.0002999973297119138
2024-08-06,0.00019999980926514033
2024-08-07,0.0
2024-08-08,3.0002593994139792e-05
2024-08-09,-8.000373840331976e-05
2024-08-12,-1.9998550415040173e-05
2024-08-13,-0.00019999980926514033
2024-08-14,0.00010000228881835993
2024-08-15,0.00016999721527100053
2024-08-16,-5.0001144409179965e-05
2024-08-19,-0.00011999607086182057
2024-08-20,-0.0003000020980834933
2024-08-21,-0.0002799987792968736
2024-08-22,0.0001999998092651334
2024-08-23,-0.00025000095367431335
2024-08-26,-1.9998550415040173e-05
2024-08-27,-0.00030000209808350026
2024-08-28,-0.00013000011444091325
2024-08-29,0.00010000228881835993
2024-08-30,2.999782562255332e-05
2024-09-02,0.0
2024-09-03,1.9998550415040173e-05
2024-09-04,-0.00021999835968017356
2024-09-05,-0.00015999794006348045
2024-09-06,-0.00024000167846679327
2024-09-09,-0.0001300001144409202
2024-09-10,-0.0005999994277954071
2024-09-11,0.0003999996185302737
2024-09-12,-0.00034999847412109375
2024-09-13,-0.0007700014114379872
2024-09-16,-0.00018000125885010015
2024-09-17,-9.99975204467804e-05
2024-09-18,-0.0012000036239624007
2024-09-19,-0.00021999835968017356
2024-09-20,-0.00047999858856201394
2024-09-23,-0.0004200029373168934
2024-09-24,-7.999897003174022e-05
2024-09-25,-7.999897003173329e-05
2024-09-26,-0.00019000053405762024
2024-09-27,0.00013999938964844028
2024-09-30,0.00016000270843505304
2024-10-01,-0.00016000270843505304
2024-10-02,-8.999824523926031e-05
2024-10-03,-7.999897003174022e-05
2024-10-04,0.0003999996185302737
2024-10-07,0.00019999980926514033
2024-10-08,2.999782562255332e-05
2024-10-09,6.999969482422014e-05
2024-10-10,-4.999637603759349e-05
2024-10-11,-0.0001500034332275399
2024-10-14,3.0002593994139792e-05
2024-10-15,-3.0002593994139792e-05
2024-10-16,-0.0001200008392334001
2024-10-17,0.0001200008392334001
2024-10-18,-1.9998550415040173e-05
2024-10-21,5.0001144409179965e-05
2024-10-22,-0.00018000125885010015
2024-10-23,5.0001144409179965e-05
2024-10-24,-0.00018000125885009322
2024-10-25,0.00023000240325927318
2024-10-28,-0.00028000354766845315
2024-10-29,-1.9998550415040173e-05
2024-10-30,-0.00017000198364258007
2024-10-31,-0.00030999660491943387
2024-11-01,-0.0003200006484985335
2024-11-04,0.00018000125885009322
2024-11-05,4.999637603760043e-05
2024-11-06,6.999969482422014e-05
2024-11-07,-9.99975204467804e-05
2024-11-08,2.999782562256026e-05
2024-11-11,-7.999897003174022e-05
2024-11-12,7.999897003174022e-05
2024-11-13,-0.0003299999237060536
2024-11-14,-6.999969482422014e-05
2024-11-15,0.00010000228881835993
2024-11-18,9.99975204467804e-05
2024-11-19,5.0001144409179965e-05
2024-11-20,1.9998550415033234e-05
2024-11-21,3.000259399414673e-05
2024-11-22,1.9998550415033234e-05
2024-11-25,-9.999752044677346e-05
2024-11-26,-0.00010000228881835993
2024-11-27,-9.99975204467804e-05
2024-11-28,0.0
2024-11-29,-0.00012000083923339316
2024-12-02,6.99996948242132e-05
2024-12-03,-0.00023000240325927318
2024-12-04,-0.0001200008392334001
2024-12-05,-0.00014999866485596036
2024-12-06,-0.00034999847412109375
2024-12-09,-1.9998550415033234e-05
2024-12-10,-8.000373840331976e-05
2024-12-11,-0.0002999973297119138
2024-12-12,-0.00032000064849854043
2024-12-13,-5.0001144409179965e-05
2024-12-16,0.00010000228881835993
2024-12-17,0.00011999607086182057
2024-12-18,-7.999897003174022e-05
2024-12-19,-0.0001200008392334001
2024-12-20,-4.999637603759349e-05
2024-12-23,0.0
2024-12-24,-0.0001500034332275399
2024-12-25,0.0
2024-12-26,0.0001500034332275399
2024-12-27,-0.0003700017929077204
2024-12-30,4.000186920165988e-05
